0.05,2014.1,126,2019.1,116,2021.1,116,2023.1,115,2016.1,116,2016.1,116,2015.1,115,2034.1,115,2025.1,114,2023.1,133,2019.1,133,2066.1,155,2046.1,160,2095.1,223,2072.1,229,2072.1,306,2065.1,286,2072.1,330,2064.1,302,2061.1,331,2062.1,303,2062.1,322,2063.1,297,2093.1,288,2077.1,283,2026.1,378,2029.1,369,2013.1,483,2025.1,463,2021.1,497,2035.1,477,1974.1,514,1991.1,495
0.13,2006.1,130,2009.1,120,2011.1,119,2012.1,118,2007.1,120,2007.1,119,2008.1,118,2026.1,116,2020.1,115,2016.1,136,2013.1,136,2060.1,156,2046.1,159,2083.1,230,2070.1,231,2066.1,306,2064.1,286,2066.1,329,2063.1,302,2056.1,328,2061.1,301,2058.1,320,2062.1,296,2081.1,289,2068.1,284,2026.1,377,2021.1,370,1999.1,477,1997.1,461,2005.1,493,2003.1,476,1956.1,501,1958.1,485
0.16,1995.1,133,1998.1,122,2000.1,122,2002.1,121,1996.1,122,1997.1,122,1997.1,120,2015.1,117,2010.1,116,2006.1,138,2004.1,138,2054.1,156,2045.1,158,2076.1,237,2065.1,234,2058.1,307,2056.1,289,2058.1,329,2053.1,305,2049.1,328,2052.1,303,2050.1,320,2053.1,297,2070.1,293,2058.1,286,2017.1,383,2013.1,370,1985.1,479,1987.1,451,1991.1,494,1992.1,465,1939.1,501,1947.1,469
0.21,1982.1,136,1984.1,125,1986.1,124,1988.1,123,1983.1,124,1983.1,124,1984.1,122,2003.1,119,1997.1,117,1993.1,141,1991.1,141,2043.1,159,2035.1,157,2068.1,242,2058.1,236,2049.1,309,2046.1,293,2048.1,330,2042.1,308,2038.1,328,2040.1,307,2039.1,320,2041.1,301,2059.1,295,2049.1,288,2003.1,388,2006.1,373,1966.1,481,1979.1,448,1971.1,497,1983.1,462,1920.1,502,1940.1,467
0.29,1969.1,137,1971.1,126,1973.1,125,1975.1,125,1969.1,126,1970.1,125,1971.1,123,1990.1,120,1985.1,118,1980.1,142,1978.1,142,2032.1,161,2023.1,157,2063.1,241,2050.1,237,2041.1,309,2037.1,294,2040.1,330,2034.1,310,2029.1,328,2031.1,309,2030.1,320,2033.1,303,2049.1,298,2041.1,290,1991.1,388,2009.1,374,1949.1,484,1990.1,445,1953.1,501,1995.1,458,1904.1,502,1951.1,463
0.32,1957.1,141,1959.1,130,1960.1,130,1962.1,129,1957.1,130,1958.1,129,1959.1,127,1977.1,123,1973.1,121,1968.1,146,1966.1,146,2023.1,161,2010.1,158,2053.1,240,2041.1,236,2032.1,310,2027.1,294,2031.1,331,2023.1,310,2021.1,328,2020.1,310,2022.1,320,2022.1,304,2046.1,300,2034.1,293,1999.1,402,1995.1,380,1965.1,492,1970.1,457,1970.1,505,1975.1,471,1922.1,516,1930.1,475
0.37,1943.1,145,1945.1,134,1946.1,133,1948.1,132,1944.1,134,1945.1,133,1945.1,132,1963.1,126,1959.1,124,1954.1,149,1953.1,149,2011.1,162,1994.1,159,2042.1,240,2031.1,235,2024.1,311,2021.1,294,2023.1,331,2018.1,312,2014.1,329,2015.1,313,2015.1,321,2017.1,306,2041.1,300,2023.1,292,2010.1,418,1982.1,382,1988.1,488,1954.1,474,1992.1,499,1960.1,491,1953.1,514,1912.1,498
0.41,1929.1,149,1930.1,138,1931.1,137,1932.1,136,1929.1,137,1930.1,136,1931.1,135,1947.1,128,1945.1,127,1940.1,152,1939.1,152,1996.1,161,1984.1,159,2030.1,239,2015.1,229,2017.1,311,2009.1,294,2016.1,331,2007.1,310,2007.1,329,2005.1,311,2008.1,322,2007.1,305,2026.1,299,2012.1,292,1995.1,409,1972.1,380,1969.1,489,1953.1,481,1974.1,500,1961.1,499,1930.1,517,1911.1,509
0.44,1907.1,150,1908.1,138,1910.1,136,1912.1,135,1907.1,138,1907.1,138,1908.1,137,1926.1,127,1921.1,129,1919.1,152,1918.1,153,1979.1,161,1954.1,162,2012.1,237,1992.1,231,2008.1,310,1991.1,294,2011.1,330,1990.1,311,2002.1,329,1987.1,312,2002.1,322,1989.1,305,2005.1,300,1981.1,297,2013.1,408,1949.1,388,2061.1,482,1949.1,488,2072.1,489,1961.1,503,2048.1,514,1910.1,521
0.49,1891.1,147,1893.1,135,1895.1,134,1897.1,133,1891.1,137,1891.1,137,1891.1,136,1913.1,126,1905.1,132,1903.1,150,1900.1,152,1968.1,160,1932.1,170,2005.1,231,1953.1,237,2004.1,306,1932.1,297,2009.1,327,1926.1,314,2000.1,326,1923.1,314,1998.1,319,1927.1,308,1992.1,302,1963.1,301,2013.1,405,1939.1,391,2073.1,479,1951.1,491,2088.1,488,1966.1,506,2057.1,511,1909.1,526
0.52,1880.1,145,1884.1,133,1885.1,131,1887.1,129,1881.1,135,1882.1,135,1882.1,135,1903.1,125,1895.1,131,1892.1,148,1889.1,151,1954.1,158,1917.1,175,1991.1,223,1933.1,241,1993.1,298,1912.1,301,2000.1,318,1905.1,319,1991.1,319,1903.1,319,1989.1,312,1907.1,313,1978.1,301,1949.1,302,1991.1,400,1930.1,392,2055.1,463,1953.1,486,2069.1,469,1968.1,499,2044.1,495,1916.1,521
0.57,1870.1,138,1873.1,128,1874.1,127,1876.1,125,1871.1,131,1871.1,132,1872.1,134,1891.1,122,1885.1,129,1880.1,142,1879.1,146,1940.1,157,1908.1,173,1975.1,218,1916.1,239,1986.1,296,1893.1,302,1995.1,316,1885.1,320,1986.1,318,1883.1,321,1983.1,311,1887.1,314,1966.1,301,1941.1,301,1963.1,397,1918.1,394,2043.1,458,1952.1,485,2059.1,462,1968.1,497,2036.1,492,1917.1,522
0.6,1861.1,135,1863.1,125,1865.1,123,1866.1,122,1861.1,128,1862.1,128,1862.1,129,1881.1,119,1876.1,128,1872.1,139,1870.1,142,1930.1,153,1901.1,171,1966.1,214,1906.1,239,1976.1,293,1876.1,300,1985.1,314,1867.1,318,1976.1,316,1865.1,318,1973.1,309,1869.1,312,1958.1,297,1935.1,300,1949.1,394,1912.1,392,2025.1,461,1949.1,483,2049.1,466,1966.1,497,2021.1,495,1917.1,519
0.64,1851.1,131,1852.1,121,1854.1,120,1856.1,118,1851.1,124,1851.1,125,1851.1,125,1871.1,115,1865.1,124,1862.1,135,1860.1,138,1922.1,149,1892.1,170,1961.1,211,1897.1,236,1968.1,288,1862.1,297,1976.1,309,1852.1,313,1966.1,311,1849.1,315,1963.1,305,1854.1,309,1949.1,293,1926.1,296,1937.1,396,1913.1,392,1969.1,474,1948.1,480,1981.1,481,1965.1,489,1946.1,510,1917.1,518
0.69,1842.1,128,1844.1,118,1846.1,117,1848.1,116,1842.1,121,1842.1,121,1843.1,121,1863.1,113,1855.1,121,1853.1,132,1850.1,135,1913.1,150,1881.1,169,1954.1,211,1885.1,233,1958.1,285,1847.1,289,1965.1,305,1836.1,305,1955.1,307,1833.1,306,1952.1,301,1838.1,300,1939.1,293,1917.1,295,1925.1,397,1907.1,388,1945.1,489,1944.1,476,1956.1,498,1960.1,486,1918.1,523,1915.1,511
0.72,1833.1,128,1835.1,118,1837.1,116,1839.1,115,1833.1,120,1833.1,121,1833.1,121,1854.1,113,1845.1,120,1844.1,132,1841.1,135,1903.1,149,1869.1,169,1940.1,210,1871.1,232,1944.1,284,1834.1,287,1951.1,305,1824.1,302,1942.1,305,1821.1,303,1939.1,299,1826.1,297,1930.1,292,1908.1,294,1913.1,394,1902.1,388,1926.1,492,1938.1,476,1938.1,502,1956.1,486,1893.1,528,1904.1,511
0.77,1823.1,129,1827.1,119,1829.1,118,1831.1,116,1824.1,121,1824.1,122,1824.1,122,1846.1,114,1836.1,121,1834.1,133,1831.1,136,1895.1,150,1857.1,169,1932.1,212,1862.1,233,1929.1,285,1823.1,287,1934.1,305,1812.1,302,1924.1,306,1809.1,303,1922.1,299,1814.1,297,1918.1,292,1896.1,294,1885.1,385,1897.1,388,1891.1,485,1929.1,484,1902.1,495,1946.1,496,1855.1,520,1893.1,520
0.8,1813.1,130,1817.1,120,1819.1,118,1821.1,117,1814.1,122,1814.1,122,1814.1,122,1837.1,115,1826.1,121,1823.1,134,1820.1,137,1884.1,151,1850.1,168,1920.1,213,1853.1,232,1914.1,287,1813.1,288,1919.1,308,1801.1,304,1908.1,308,1798.1,305,1906.1,302,1804.1,299,1905.1,293,1887.1,295,1856.1,379,1902.1,396,1827.1,485,1933.1,490,1833.1,499,1950.1,503,1783.1,518,1898.1,522
0.85,1803.1,130,1807.1,120,1809.1,119,1811.1,118,1805.1,122,1805.1,122,1805.1,122,1826.1,115,1818.1,120,1812.1,135,1810.1,137,1871.1,155,1841.1,168,1908.1,214,1841.1,232,1898.1,289,1801.1,289,1902.1,311,1789.1,305,1890.1,310,1787.1,306,1889.1,303,1792.1,300,1893.1,295,1880.1,296,1841.1,377,1900.1,397,1804.1,485,1934.1,487,1809.1,500,1950.1,500,1760.1,513,1900.1,521
0.89,1791.1,130,1795.1,120,1797.1,119,1799.1,118,1794.1,122,1794.1,122,1795.1,122,1814.1,117,1808.1,120,1800.1,135,1798.1,137,1858.1,160,1831.1,168,1895.1,221,1830.1,233,1884.1,295,1792.1,290,1887.1,317,1780.1,305,1876.1,316,1778.1,306,1875.1,308,1783.1,301,1881.1,300,1870.1,298,1826.1,380,1893.1,396,1787.1,484,1930.1,484,1791.1,500,1945.1,497,1742.1,511,1899.1,511
0.93,1783.1,130,1787.1,121,1789.1,120,1791.1,119,1785.1,122,1786.1,122,1786.1,122,1805.1,119,1798.1,121,1792.1,136,1791.1,137,1846.1,161,1822.1,168,1880.1,222,1821.1,235,1867.1,297,1784.1,292,1869.1,319,1774.1,306,1858.1,318,1771.1,307,1858.1,310,1776.1,302,1865.1,304,1855.1,302,1812.1,382,1881.1,395,1778.1,490,1924.1,480,1784.1,508,1940.1,493,1733.1,512,1893.1,507
0.97,1771.1,130,1775.1,121,1777.1,120,1779.1,119,1773.1,121,1773.1,121,1773.1,120,1794.1,118,1785.1,119,1780.1,136,1777.1,137,1831.1,162,1810.1,168,1860.1,226,1814.1,238,1837.1,299,1785.1,293,1836.1,320,1776.1,307,1826.1,318,1774.1,307,1827.1,311,1777.1,302,1848.1,305,1840.1,303,1803.1,388,1866.1,395,1774.1,495,1909.1,480,1781.1,512,1925.1,493,1730.1,519,1880.1,506
1,1759.1,128,1764.1,119,1766.1,119,1768.1,118,1762.1,119,1762.1,119,1763.1,119,1782.1,118,1775.1,119,1768.1,136,1765.1,136,1819.1,161,1796.1,168,1844.1,226,1800.1,239,1820.1,298,1776.1,294,1818.1,320,1769.1,309,1808.1,318,1768.1,308,1810.1,310,1770.1,303,1831.1,305,1821.1,303,1794.1,393,1850.1,394,1776.1,498,1898.1,473,1784.1,514,1916.1,486,1732.1,523,1869.1,499
1.05,1749.1,125,1754.1,116,1756.1,116,1757.1,115,1752.1,117,1752.1,117,1753.1,117,1772.1,117,1765.1,118,1758.1,132,1755.1,133,1809.1,160,1784.1,168,1831.1,226,1787.1,238,1809.1,299,1762.1,294,1809.1,320,1755.1,310,1799.1,318,1753.1,310,1800.1,311,1757.1,304,1819.1,304,1806.1,302,1792.1,400,1828.1,394,1789.1,499,1874.1,476,1800.1,513,1892.1,489,1748.1,525,1841.1,503
1.1,1740.1,122,1743.1,114,1745.1,113,1747.1,112,1742.1,114,1743.1,114,1743.1,114,1760.1,113,1756.1,114,1749.1,129,1747.1,130,1796.1,155,1780.1,162,1814.1,224,1784.1,233,1799.1,297,1768.1,283,1801.1,319,1763.1,298,1792.1,318,1761.1,296,1793.1,310,1763.1,291,1810.1,302,1799.1,298,1787.1,409,1809.1,385,1780.1,508,1850.1,465,1790.1,522,1867.1,478,1739.1,536,1818.1,490
1.13,1729.1,119,1733.1,110,1735.1,110,1737.1,109,1732.1,110,1732.1,110,1733.1,110,1750.1,110,1745.1,110,1737.1,126,1735.1,127,1784.1,154,1768.1,160,1801.1,224,1774.1,232,1777.1,296,1759.1,283,1775.1,318,1756.1,298,1767.1,315,1754.1,296,1769.1,308,1755.1,290,1799.1,302,1787.1,297,1778.1,413,1784.1,385,1776.1,512,1824.1,464,1785.1,525,1841.1,476,1737.1,541,1793.1,491
1.16,1717.1,118,1721.1,109,1722.1,109,1724.1,108,1720.1,109,1721.1,108,1722.1,108,1737.1,108,1735.1,107,1725.1,126,1724.1,126,1767.1,152,1765.1,153,1781.1,224,1778.1,227,1759.1,294,1767.1,281,1757.1,316,1764.1,297,1749.1,312,1762.1,295,1752.1,305,1763.1,290,1786.1,300,1779.1,293,1774.1,412,1759.1,376,1770.1,510,1784.1,458,1780.1,523,1799.1,470,1731.1,539,1747.1,486
1.21,1706.1,114,1711.1,105,1713.1,104,1714.1,104,1709.1,104,1710.1,103,1710.1,103,1727.1,105,1722.1,102,1714.1,122,1712.1,122,1756.1,151,1748.1,151,1769.1,224,1765.1,229,1741.1,293,1759.1,283,1738.1,315,1758.1,298,1729.1,311,1756.1,297,1732.1,303,1756.1,291,1776.1,299,1764.1,292,1768.1,413,1739.1,375,1771.1,508,1766.1,454,1780.1,521,1781.1,466,1735.1,538,1731.1,483
1.25,1697.1,111,1702.1,101,1704.1,101,1706.1,101,1699.1,101,1699.1,100,1699.1,99,1719.1,101,1710.1,98,1706.1,120,1702.1,119,1745.1,146,1737.1,147,1749.1,218,1754.1,227,1716.1,283,1745.1,281,1711.1,304,1743.1,296,1704.1,300,1741.1,294,1707.1,292,1741.1,288,1767.1,296,1753.1,291,1772.1,409,1728.1,377,1777.1,507,1749.1,460,1786.1,520,1766.1,470,1742.1,537,1709.1,484
1.28,1686.1,110,1692.1,101,1694.1,101,1696.1,101,1690.1,101,1691.1,100,1691.1,100,1709.1,103,1703.1,100,1693.1,119,1691.1,118,1733.1,148,1726.1,149,1735.1,217,1739.1,226,1695.1,280,1723.1,282,1688.1,301,1720.1,297,1681.1,296,1718.1,295,1685.1,289,1719.1,289,1755.1,297,1741.1,291,1770.1,409,1711.1,379,1780.1,506,1729.1,469,1789.1,519,1744.1,483,1744.1,536,1685.1,499
1.33,1674.1,110,1680.1,102,1682.1,102,1683.1,102,1678.1,101,1679.1,101,1679.1,100,1697.1,104,1691.1,101,1681.1,119,1679.1,119,1716.1,149,1718.1,151,1714.1,217,1732.1,227,1672.1,282,1714.1,286,1664.1,303,1709.1,303,1657.1,298,1707.1,301,1662.1,291,1709.1,295,1741.1,298,1730.1,292,1759.1,411,1691.1,379,1777.1,508,1692.1,476,1785.1,521,1706.1,492,1746.1,537,1643.1,503
1.36,1662.1,111,1667.1,103,1668.1,103,1669.1,103,1667.1,102,1668.1,102,1670.1,101,1681.1,104,1683.1,102,1669.1,120,1669.1,120,1696.1,151,1718.1,151,1688.1,217,1743.1,219,1653.1,284,1735.1,273,1646.1,306,1730.1,289,1641.1,301,1728.1,287,1646.1,294,1730.1,281,1730.1,298,1727.1,292,1747.1,412,1679.1,379,1772.1,508,1660.1,473,1781.1,521,1672.1,488,1745.1,537,1606.1,498
1.41,1650.1,112,1656.1,104,1657.1,104,1658.1,103,1655.1,103,1656.1,103,1657.1,102,1670.1,106,1669.1,102,1657.1,121,1655.1,120,1682.1,155,1704.1,153,1678.1,218,1727.1,222,1639.1,285,1715.1,276,1631.1,306,1714.1,290,1625.1,302,1710.1,287,1631.1,294,1710.1,283,1720.1,301,1717.1,293,1742.1,416,1660.1,380,1768.1,508,1629.1,472,1777.1,522,1639.1,486,1745.1,536,1574.1,491
1.44,1636.1,113,1642.1,104,1643.1,104,1645.1,104,1641.1,103,1642.1,103,1643.1,102,1659.1,108,1656.1,105,1642.1,121,1641.1,120,1673.1,159,1685.1,158,1664.1,221,1706.1,222,1619.1,288,1696.1,284,1610.1,309,1694.1,298,1604.1,304,1692.1,296,1610.1,297,1692.1,291,1708.1,304,1700.1,297,1735.1,417,1644.1,384,1765.1,508,1614.1,471,1772.1,522,1624.1,486,1745.1,535,1560.1,489
1.49,1623.1,114,1629.1,106,1630.1,106,1631.1,107,1628.1,105,1629.1,105,1630.1,104,1645.1,111,1644.1,107,1629.1,124,1628.1,123,1664.1,161,1670.1,162,1659.1,223,1681.1,233,1612.1,290,1659.1,293,1603.1,311,1654.1,308,1597.1,307,1651.1,306,1602.1,300,1653.1,301,1695.1,309,1684.1,302,1728.1,417,1629.1,388,1763.1,509,1603.1,477,1771.1,522,1614.1,495,1745.1,535,1547.1,494
1.53,1608.1,114,1614.1,106,1615.1,107,1616.1,107,1614.1,105,1615.1,105,1617.1,104,1629.1,111,1630.1,107,1614.1,124,1614.1,123,1647.1,161,1657.1,161,1642.1,223,1670.1,234,1604.1,294,1651.1,295,1596.1,316,1647.1,311,1590.1,312,1645.1,310,1596.1,304,1646.1,304,1680.1,310,1670.1,304,1715.1,417,1619.1,389,1760.1,499,1596.1,484,1769.1,511,1607.1,502,1745.1,522,1543.1,507
1.56,1593.1,114,1599.1,107,1600.1,107,1602.1,107,1599.1,106,1600.1,105,1601.1,105,1615.1,111,1615.1,107,1599.1,124,1599.1,123,1636.1,161,1638.1,161,1638.1,223,1652.1,233,1599.1,294,1632.1,293,1593.1,316,1627.1,309,1586.1,313,1625.1,308,1591.1,305,1626.1,302,1667.1,309,1653.1,304,1695.1,412,1606.1,389,1752.1,491,1595.1,487,1763.1,502,1608.1,504,1739.1,516,1544.1,512
1.61,1580.1,114,1586.1,106,1587.1,106,1588.1,107,1586.1,105,1587.1,105,1588.1,105,1601.1,111,1601.1,107,1586.1,124,1586.1,123,1625.1,159,1621.1,160,1623.1,223,1632.1,232,1590.1,294,1617.1,293,1584.1,317,1614.1,310,1578.1,314,1612.1,308,1582.1,306,1614.1,302,1652.1,308,1636.1,302,1674.1,405,1590.1,391,1740.1,481,1593.1,490,1753.1,491,1608.1,506,1729.1,510,1545.1,522
1.64,1566.1,113,1572.1,106,1573.1,106,1574.1,106,1572.1,105,1573.1,105,1574.1,104,1587.1,109,1587.1,105,1573.1,123,1573.1,122,1611.1,156,1609.1,156,1617.1,221,1624.1,231,1588.1,294,1611.1,292,1585.1,316,1608.1,308,1577.1,314,1606.1,307,1580.1,306,1607.1,301,1637.1,303,1625.1,299,1644.1,403,1592.1,392,1716.1,473,1600.1,490,1732.1,479,1614.1,504,1705.1,502,1559.1,522
1.69,1555.1,111,1561.1,104,1562.1,104,1563.1,104,1561.1,103,1562.1,103,1564.1,102,1576.1,107,1577.1,104,1560.1,120,1560.1,119,1597.1,157,1597.1,155,1605.1,222,1611.1,229,1583.1,294,1600.1,291,1582.1,316,1597.1,308,1575.1,313,1596.1,306,1577.1,306,1596.1,300,1621.1,302,1612.1,297,1621.1,403,1585.1,395,1691.1,471,1600.1,491,1706.1,476,1614.1,504,1679.1,499,1564.1,523
1.73,1546.1,109,1551.1,102,1552.1,102,1553.1,102,1551.1,101,1552.1,100,1554.1,100,1565.1,105,1566.1,101,1551.1,118,1551.1,117,1584.1,153,1585.1,152,1594.1,221,1597.1,227,1573.1,293,1585.1,290,1572.1,316,1582.1,307,1565.1,312,1580.1,306,1567.1,305,1581.1,300,1608.1,296,1602.1,292,1591.1,401,1580.1,393,1641.1,474,1598.1,489,1656.1,480,1612.1,502,1619.1,504,1564.1,519
1.77,1536.1,106,1542.1,99,1543.1,99,1544.1,99,1541.1,98,1542.1,98,1543.1,97,1556.1,103,1555.1,99,1541.1,115,1540.1,114,1576.1,151,1570.1,152,1585.1,221,1576.1,226,1569.1,294,1563.1,287,1569.1,316,1560.1,304,1562.1,314,1558.1,304,1563.1,307,1559.1,298,1595.1,293,1585.1,290,1579.1,399,1561.1,393,1617.1,477,1590.1,488,1631.1,485,1605.1,500,1593.1,507,1556.1,518
1.81,1525.1,107,1530.1,99,1531.1,99,1533.1,99,1529.1,99,1530.1,99,1531.1,98,1544.1,102,1542.1,100,1531.1,115,1530.1,115,1567.1,148,1557.1,153,1581.1,218,1559.1,227,1566.1,294,1544.1,286,1567.1,316,1540.1,302,1559.1,314,1539.1,302,1560.1,306,1540.1,295,1585.1,292,1574.1,290,1562.1,402,1557.1,388,1589.1,492,1592.1,475,1603.1,501,1608.1,486,1560.1,525,1560.1,504
1.84,1513.1,107,1517.1,100,1519.1,100,1520.1,99,1516.1,99,1517.1,99,1518.1,99,1531.1,102,1528.1,100,1519.1,115,1517.1,115,1557.1,146,1544.1,153,1576.1,215,1545.1,227,1561.1,294,1523.1,285,1562.1,315,1517.1,301,1553.1,314,1514.1,300,1554.1,306,1517.1,294,1574.1,291,1565.1,290,1541.1,400,1552.1,389,1563.1,491,1584.1,479,1578.1,499,1599.1,491,1531.1,525,1551.1,507
1.89,1499.1,108,1504.1,100,1506.1,100,1507.1,100,1504.1,100,1505.1,99,1506.1,99,1519.1,102,1518.1,100,1506.1,116,1505.1,115,1545.1,148,1536.1,154,1569.1,216,1536.1,227,1552.1,293,1507.1,284,1553.1,313,1499.1,299,1544.1,313,1497.1,299,1545.1,306,1500.1,293,1563.1,293,1558.1,291,1528.1,397,1553.1,390,1538.1,491,1581.1,489,1552.1,501,1595.1,504,1500.1,523,1546.1,517
1.92,1488.1,107,1493.1,100,1495.1,100,1496.1,100,1492.1,100,1493.1,99,1494.1,99,1508.1,102,1506.1,100,1494.1,116,1493.1,115,1536.1,149,1522.1,155,1564.1,213,1520.1,227,1549.1,292,1486.1,284,1550.1,313,1477.1,299,1540.1,313,1474.1,299,1541.1,306,1478.1,293,1552.1,293,1546.1,291,1505.1,388,1552.1,393,1481.1,490,1578.1,491,1490.1,504,1593.1,507,1436.1,523,1542.1,518
1.97,1474.1,108,1480.1,100,1481.1,100,1482.1,100,1479.1,100,1480.1,100,1481.1,99,1496.1,103,1494.1,101,1481.1,116,1480.1,115,1523.1,150,1514.1,158,1553.1,215,1512.1,227,1535.1,293,1476.1,283,1536.1,316,1465.1,297,1525.1,315,1463.1,298,1526.1,308,1466.1,293,1539.1,295,1538.1,295,1484.1,385,1550.1,398,1445.1,490,1577.1,492,1450.1,505,1591.1,507,1397.1,513,1544.1,516
2.01,1461.1,109,1467.1,102,1469.1,102,1470.1,102,1467.1,102,1467.1,102,1468.1,102,1483.1,106,1481.1,104,1467.1,118,1466.1,117,1508.1,155,1498.1,162,1538.1,219,1498.1,228,1521.1,297,1463.1,284,1522.1,319,1454.1,298,1511.1,318,1451.1,298,1512.1,311,1455.1,293,1524.1,298,1523.1,298,1467.1,388,1547.1,402,1422.1,490,1581.1,490,1426.1,506,1595.1,505,1374.1,509,1548.1,515
2.06,1451.1,110,1456.1,104,1458.1,104,1459.1,104,1456.1,104,1457.1,104,1459.1,104,1471.1,109,1471.1,107,1456.1,120,1456.1,119,1491.1,159,1490.1,164,1511.1,222,1487.1,229,1495.1,298,1460.1,284,1495.1,320,1452.1,298,1487.1,319,1450.1,298,1488.1,312,1452.1,293,1506.1,302,1511.1,302,1449.1,390,1539.1,401,1406.1,492,1578.1,490,1411.1,509,1592.1,505,1357.1,512,1548.1,508
2.09,1437.1,113,1443.1,107,1444.1,107,1445.1,107,1444.1,106,1445.1,106,1446.1,106,1457.1,113,1460.1,110,1443.1,123,1443.1,122,1472.1,164,1486.1,165,1486.1,229,1488.1,230,1455.1,299,1462.1,284,1451.1,320,1455.1,297,1443.1,318,1452.1,298,1447.1,311,1454.1,293,1488.1,305,1500.1,302,1441.1,390,1532.1,399,1407.1,493,1576.1,485,1413.1,509,1590.1,500,1360.1,511,1548.1,501
2.14,1426.1,114,1431.1,108,1431.1,108,1432.1,108,1432.1,107,1433.1,107,1435.1,107,1444.1,114,1448.1,111,1431.1,124,1431.1,123,1453.1,166,1478.1,164,1468.1,231,1487.1,231,1441.1,299,1469.1,286,1436.1,320,1464.1,300,1429.1,318,1461.1,300,1433.1,311,1463.1,295,1468.1,307,1486.1,302,1426.1,397,1518.1,397,1405.1,498,1565.1,479,1413.1,514,1579.1,494,1363.1,516,1541.1,496
2.17,1410.1,115,1415.1,108,1417.1,108,1418.1,109,1416.1,107,1417.1,107,1418.1,107,1430.1,114,1431.1,110,1416.1,124,1416.1,123,1445.1,167,1460.1,164,1460.1,234,1469.1,231,1433.1,299,1449.1,286,1429.1,319,1443.1,299,1422.1,317,1441.1,299,1425.1,310,1442.1,295,1461.1,309,1472.1,303,1422.1,408,1496.1,397,1414.1,500,1545.1,480,1424.1,514,1560.1,495,1373.1,520,1521.1,499
2.2,1393.1,113,1398.1,107,1399.1,107,1400.1,107,1399.1,106,1400.1,106,1402.1,106,1412.1,113,1415.1,109,1399.1,123,1399.1,122,1427.1,166,1446.1,163,1449.1,232,1459.1,232,1441.1,299,1451.1,287,1442.1,319,1449.1,301,1436.1,316,1446.1,301,1439.1,310,1446.1,296,1445.1,307,1457.1,302,1412.1,413,1472.1,397,1417.1,501,1515.1,478,1429.1,513,1530.1,492,1379.1,524,1489.1,497
2.25,1381.1,113,1385.1,107,1386.1,107,1387.1,107,1386.1,106,1387.1,106,1388.1,105,1399.1,112,1401.1,109,1387.1,123,1387.1,122,1414.1,164,1434.1,163,1431.1,231,1445.1,233,1420.1,301,1437.1,293,1420.1,322,1436.1,310,1414.1,318,1434.1,309,1416.1,312,1434.1,303,1433.1,306,1443.1,302,1402.1,416,1449.1,387,1411.1,510,1483.1,463,1424.1,521,1497.1,476,1374.1,535,1457.1,483
2.29,1369.1,112,1374.1,105,1375.1,105,1376.1,105,1373.1,104,1374.1,103,1376.1,103,1389.1,109,1389.1,105,1376.1,122,1375.1,121,1405.1,162,1422.1,159,1416.1,230,1429.1,232,1401.1,300,1416.1,290,1400.1,321,1413.1,304,1394.1,317,1411.1,302,1397.1,311,1410.1,297,1426.1,306,1433.1,300,1400.1,419,1429.1,378,1414.1,512,1457.1,456,1427.1,523,1470.1,469,1379.1,538,1430.1,476
2.33,1354.1,111,1359.1,103,1360.1,103,1361.1,103,1359.1,102,1360.1,102,1362.1,101,1373.1,107,1375.1,103,1361.1,120,1361.1,119,1391.1,159,1409.1,156,1401.1,230,1411.1,232,1375.1,299,1388.1,290,1371.1,319,1383.1,304,1365.1,315,1380.1,302,1369.1,308,1381.1,297,1411.1,305,1418.1,298,1400.1,417,1412.1,381,1409.1,513,1436.1,463,1421.1,525,1449.1,476,1372.1,538,1404.1,483
2.37,1343.1,107,1347.1,100,1348.1,100,1349.1,100,1348.1,99,1349.1,98,1351.1,98,1361.1,104,1364.1,100,1349.1,117,1348.1,116,1373.1,156,1398.1,153,1380.1,225,1406.1,231,1349.1,290,1385.1,290,1343.1,311,1380.1,304,1337.1,306,1377.1,302,1343.1,300,1378.1,297,1395.1,303,1404.1,295,1395.1,415,1395.1,384,1403.1,511,1415.1,465,1414.1,524,1427.1,479,1367.1,537,1380.1,489
2.4,1332.1,104,1336.1,97,1337.1,97,1338.1,98,1338.1,96,1339.1,95,1341.1,95,1349.1,103,1354.1,99,1337.1,115,1337.1,113,1356.1,156,1390.1,151,1360.1,225,1402.1,226,1328.1,287,1380.1,281,1320.1,307,1376.1,295,1316.1,302,1371.1,294,1321.1,295,1372.1,289,1385.1,301,1397.1,293,1390.1,414,1374.1,381,1397.1,509,1387.1,468,1408.1,520,1401.1,483,1362.1,536,1346.1,492
2.45,1318.1,104,1323.1,97,1324.1,98,1325.1,98,1324.1,96,1326.1,96,1328.1,95,1336.1,104,1341.1,99,1323.1,115,1323.1,113,1343.1,157,1375.1,152,1347.1,226,1381.1,223,1304.1,287,1346.1,270,1295.1,303,1341.1,278,1289.1,298,1334.1,278,1296.1,292,1335.1,275,1374.1,301,1385.1,293,1385.1,410,1354.1,381,1401.1,508,1356.1,474,1412.1,520,1370.1,491,1365.1,532,1307.1,496
2.48,1306.1,106,1311.1,99,1311.1,99,1312.1,99,1313.1,98,1315.1,97,1317.1,97,1322.1,106,1330.1,100,1310.1,116,1312.1,115,1327.1,159,1364.1,153,1326.1,226,1363.1,225,1282.1,287,1322.1,275,1272.1,302,1316.1,284,1268.1,297,1309.1,283,1275.1,292,1310.1,280,1363.1,301,1375.1,295,1378.1,411,1329.1,381,1401.1,508,1319.1,474,1413.1,522,1333.1,492,1367.1,532,1263.1,494
2.53,1294.1,110,1298.1,104,1299.1,104,1299.1,105,1300.1,102,1302.1,102,1304.1,101,1311.1,111,1318.1,105,1298.1,121,1300.1,120,1318.1,163,1352.1,159,1304.1,230,1350.1,230,1260.1,288,1314.1,275,1250.1,304,1308.1,287,1247.1,299,1303.1,286,1254.1,294,1304.1,281,1355.1,303,1362.1,295,1373.1,411,1304.1,380,1398.1,507,1282.1,472,1408.1,522,1294.1,489,1366.1,527,1224.1,487
2.57,1285.1,116,1288.1,109,1287.1,110,1287.1,110,1292.1,108,1294.1,108,1297.1,107,1296.1,115,1310.1,111,1288.1,126,1292.1,124,1300.1,165,1344.1,163,1279.1,233,1352.1,232,1243.1,290,1335.1,285,1234.1,306,1333.1,297,1233.1,300,1328.1,296,1239.1,295,1328.1,291,1339.1,305,1349.1,297,1362.1,413,1290.1,379,1399.1,505,1262.1,468,1411.1,520,1273.1,487,1368.1,527,1203.1,483
2.61,1269.1,121,1273.1,115,1273.1,115,1272.1,116,1277.1,114,1279.1,113,1281.1,113,1282.1,121,1295.1,116,1273.1,131,1277.1,129,1287.1,169,1329.1,168,1264.1,237,1338.1,235,1224.1,292,1319.1,286,1214.1,307,1317.1,298,1213.1,302,1312.1,297,1220.1,297,1312.1,292,1326.1,309,1334.1,302,1350.1,413,1274.1,379,1393.1,500,1241.1,469,1406.1,513,1252.1,487,1367.1,521,1182.1,485
2.65,1253.1,122,1257.1,115,1257.1,116,1257.1,116,1260.1,114,1263.1,114,1265.1,114,1267.1,121,1279.1,117,1257.1,131,1260.1,130,1272.1,171,1312.1,168,1256.1,240,1329.1,237,1220.1,296,1317.1,292,1211.1,313,1316.1,306,1209.1,308,1312.1,305,1216.1,302,1311.1,300,1310.1,311,1316.1,305,1340.1,411,1261.1,380,1392.1,491,1232.1,475,1406.1,504,1243.1,494,1367.1,513,1173.1,495
2.68,1241.1,121,1245.1,115,1245.1,115,1245.1,116,1248.1,114,1250.1,114,1253.1,113,1254.1,121,1265.1,117,1244.1,131,1247.1,129,1258.1,170,1296.1,169,1244.1,238,1315.1,236,1208.1,296,1300.1,289,1199.1,314,1298.1,305,1196.1,309,1292.1,303,1203.1,303,1291.1,297,1297.1,310,1302.1,305,1329.1,407,1249.1,380,1387.1,488,1227.1,479,1402.1,501,1238.1,498,1365.1,509,1168.1,500
2.73,1230.1,122,1233.1,116,1233.1,116,1232.1,117,1237.1,115,1239.1,114,1241.1,114,1240.1,122,1253.1,117,1232.1,132,1236.1,130,1243.1,170,1283.1,168,1237.1,238,1288.1,236,1205.1,296,1254.1,286,1197.1,314,1246.1,297,1195.1,309,1240.1,297,1201.1,303,1241.1,293,1283.1,309,1293.1,305,1313.1,406,1246.1,380,1375.1,487,1228.1,480,1391.1,499,1240.1,498,1353.1,508,1172.1,502
2.76,1217.1,121,1220.1,115,1220.1,115,1219.1,115,1224.1,113,1226.1,113,1228.1,112,1227.1,120,1239.1,115,1219.1,130,1223.1,129,1229.1,169,1269.1,167,1228.1,237,1279.1,235,1198.1,296,1253.1,286,1190.1,314,1248.1,299,1187.1,309,1242.1,298,1194.1,303,1243.1,294,1267.1,308,1278.1,305,1283.1,400,1238.1,383,1355.1,479,1231.1,480,1373.1,489,1244.1,496,1339.1,504,1182.1,505
2.81,1206.1,120,1208.1,114,1208.1,114,1207.1,115,1212.1,113,1214.1,112,1217.1,112,1215.1,120,1229.1,115,1208.1,130,1212.1,128,1217.1,168,1262.1,163,1219.1,237,1271.1,232,1192.1,296,1247.1,287,1185.1,315,1243.1,300,1182.1,311,1238.1,301,1188.1,304,1239.1,297,1255.1,305,1272.1,301,1247.1,399,1234.1,390,1318.1,478,1239.1,485,1337.1,487,1252.1,499,1298.1,506,1195.1,516
2.86,1196.1,113,1200.1,108,1199.1,108,1199.1,109,1203.1,106,1205.1,106,1207.1,105,1206.1,115,1218.1,110,1198.1,123,1201.1,122,1204.1,164,1247.1,161,1206.1,233,1252.1,230,1182.1,295,1231.1,288,1177.1,314,1229.1,301,1175.1,310,1225.1,302,1180.1,303,1224.1,298,1241.1,301,1259.1,297,1216.1,396,1227.1,391,1271.1,476,1238.1,486,1289.1,484,1251.1,500,1249.1,503,1200.1,515
2.89,1186.1,111,1189.1,105,1188.1,106,1188.1,106,1194.1,104,1196.1,104,1199.1,103,1195.1,113,1211.1,108,1187.1,120,1192.1,119,1191.1,161,1241.1,160,1196.1,228,1243.1,227,1174.1,292,1212.1,285,1168.1,310,1206.1,298,1166.1,308,1201.1,299,1172.1,302,1201.1,294,1229.1,299,1252.1,297,1192.1,391,1214.1,392,1252.1,467,1233.1,488,1270.1,473,1246.1,501,1232.1,495,1200.1,516
2.93,1176.1,109,1179.1,103,1179.1,103,1178.1,104,1182.1,102,1184.1,102,1187.1,101,1185.1,110,1198.1,106,1178.1,118,1181.1,117,1181.1,158,1231.1,158,1187.1,225,1235.1,224,1168.1,285,1209.1,276,1163.1,303,1204.1,288,1161.1,300,1199.1,287,1167.1,295,1199.1,283,1218.1,297,1241.1,294,1183.1,388,1215.1,391,1221.1,475,1232.1,485,1238.1,483,1245.1,497,1189.1,501,1198.1,515
2.97,1163.1,106,1166.1,100,1166.1,101,1166.1,101,1169.1,99,1171.1,99,1173.1,99,1173.1,107,1184.1,103,1165.1,116,1168.1,115,1171.1,155,1216.1,155,1177.1,222,1221.1,223,1158.1,282,1200.1,276,1154.1,300,1196.1,290,1152.1,296,1191.1,288,1158.1,291,1192.1,284,1210.1,296,1231.1,291,1160.1,384,1199.1,380,1209.1,474,1221.1,479,1227.1,482,1233.1,491,1182.1,502,1192.1,507
3.01,1151.1,105,1155.1,99,1154.1,99,1154.1,100,1158.1,98,1160.1,98,1162.1,98,1163.1,106,1175.1,103,1154.1,115,1157.1,114,1161.1,156,1208.1,156,1171.1,224,1211.1,224,1150.1,285,1189.1,279,1146.1,301,1187.1,291,1144.1,298,1182.1,290,1149.1,293,1182.1,286,1194.1,298,1222.1,293,1135.1,387,1202.1,384,1156.1,482,1221.1,481,1170.1,493,1232.1,492,1123.1,510,1191.1,509
3.04,1137.1,106,1141.1,100,1141.1,100,1141.1,100,1143.1,99,1145.1,99,1147.1,99,1150.1,107,1160.1,104,1140.1,116,1142.1,115,1150.1,158,1194.1,157,1163.1,224,1202.1,226,1143.1,286,1181.1,281,1138.1,303,1177.1,293,1135.1,299,1173.1,291,1141.1,294,1173.1,287,1181.1,299,1207.1,294,1122.1,387,1200.1,387,1120.1,487,1218.1,485,1131.1,502,1229.1,501,1083.1,511,1190.1,510
3.09,1122.1,106,1125.1,100,1125.1,100,1125.1,101,1129.1,100,1131.1,100,1133.1,100,1133.1,108,1146.1,105,1126.1,116,1129.1,115,1135.1,158,1183.1,157,1155.1,228,1194.1,225,1129.1,287,1165.1,278,1122.1,305,1158.1,290,1118.1,300,1153.1,289,1124.1,295,1154.1,285,1163.1,300,1193.1,295,1111.1,388,1202.1,392,1087.1,492,1217.1,485,1095.1,508,1227.1,502,1041.1,512,1186.1,506
3.14,1111.1,108,1115.1,103,1114.1,103,1114.1,103,1118.1,103,1120.1,103,1122.1,104,1123.1,110,1134.1,110,1115.1,118,1118.1,118,1124.1,160,1168.1,161,1149.1,229,1180.1,225,1123.1,289,1152.1,278,1117.1,308,1146.1,292,1110.1,304,1141.1,293,1116.1,298,1142.1,289,1150.1,301,1180.1,298,1093.1,388,1199.1,395,1054.1,491,1216.1,485,1060.1,508,1225.1,501,1005.1,510,1186.1,501
3.18,1096.1,112,1100.1,106,1100.1,106,1100.1,106,1102.1,106,1104.1,106,1106.1,106,1110.1,113,1118.1,113,1100.1,121,1102.1,121,1112.1,165,1153.1,166,1134.1,233,1162.1,229,1104.1,295,1135.1,285,1098.1,314,1128.1,299,1091.1,310,1124.1,300,1098.1,304,1126.1,295,1137.1,306,1166.1,304,1078.1,389,1190.1,398,1036.1,494,1211.1,485,1041.1,512,1221.1,502,989.14,510,1185.1,501
3.22,1082.1,113,1086.1,107,1086.1,107,1086.1,107,1089.1,107,1090.1,107,1092.1,107,1096.1,114,1105.1,113,1086.1,123,1089.1,122,1098.1,167,1142.1,167,1114.1,239,1150.1,231,1088.1,299,1123.1,285,1082.1,318,1116.1,299,1077.1,314,1112.1,299,1083.1,308,1114.1,295,1125.1,310,1155.1,307,1070.1,391,1179.1,399,1035.1,496,1207.1,485,1042.1,514,1218.1,502,989.14,510,1181.1,500
3.25,1062.1,113,1066.1,106,1067.1,106,1068.1,106,1067.1,106,1068.1,106,1069.1,106,1079.1,113,1082.1,112,1068.1,123,1068.1,122,1085.1,166,1125.1,165,1103.1,238,1143.1,231,1076.1,300,1123.1,284,1069.1,320,1118.1,297,1063.1,315,1114.1,298,1069.1,309,1115.1,293,1114.1,311,1141.1,306,1053.1,391,1165.1,398,1025.1,497,1199.1,485,1033.1,515,1211.1,501,981.14,514,1175.1,500
3.29,1044.1,116,1047.1,108,1047.1,108,1047.1,108,1049.1,108,1051.1,108,1053.1,107,1058.1,113,1067.1,112,1051.1,125,1053.1,124,1067.1,166,1113.1,163,1079.1,239,1130.1,231,1055.1,301,1115.1,275,1050.1,320,1112.1,286,1045.1,316,1107.1,284,1051.1,309,1108.1,281,1096.1,310,1126.1,304,1037.1,393,1149.1,393,1024.1,497,1193.1,475,1035.1,514,1207.1,490,983.14,519,1172.1,493
3.29,1005,116.11,1010,107.11,1012,106.11,1014,105.11,1007,108.11,1007,109.11,1006,109.11,1027,107.11,1017,111.11,1013,123.11,1009,125.11,1056,152.11,1030,164.11,1070,225.11,1036,242.11,1050,295.11,1018,294.11,1050,317.11,1020,311.11,1041,314.11,1019,308.11,1042,307.11,1020,301.11,1053,299.11,1033,296.11,1030,409.11,1002,372.11,1037,502.11,1057,440.11,1046,514.11,1075,448.11,1011,528.11,1041,466.11
3.33,993,115.11,998,106.11,1000,105.11,1002,105.11,996,107.11,996,107.11,996,108.11,1013,107.11,1006,110.11,1000,122.11,997,124.11,1039,150.11,1017,162.11,1055,221.11,1022,238.11,1030,288.11,1017,283.11,1028,309.11,1017,298.11,1020,305.11,1017,295.11,1022,299.11,1019,289.11,1043,295.11,1025,294.11,1023,405.11,991,373.11,1032,498.11,1040,445.11,1042,509.11,1058,451.11,1008,527.11,1017,477.11
3.38,981,115.11,987,107.11,990,106.11,992,106.11,985,107.11,984,108.11,984,108.11,1003,108.11,992,110.11,988,123.11,984,124.11,1025,151.11,1002,162.11,1039,218.11,1007,236.11,1009,285.11,1001,280.11,1005,306.11,999,294.11,997,302.11,998,291.11,999,296.11,998,285.11,1032,294.11,1013,293.11,1022,401.11,979,374.11,1030,496.11,1003,461.11,1040,507.11,1020,474.11,1000,527.11,964,489.11
3.43,971,115.11,978,107.11,981,106.11,983,106.11,975,108.11,974,108.11,974,108.11,994,109.11,982,111.11,978,123.11,973,124.11,1015,151.11,988,163.11,1019,217.11,988,232.11,982,282.11,979,280.11,977,303.11,976,296.11,970,299.11,976,293.11,973,293.11,978,287.11,1021,294.11,998,293.11,1017,401.11,965,375.11,1026,494.11,973,465.11,1036,506.11,987,480.11,995,523.11,929,492.11
3.48,959,115.11,966,107.11,968,107.11,971,106.11,962,108.11,961,108.11,960,108.11,982,109.11,969,111.11,966,123.11,960,124.11,1002,152.11,977,163.11,1004,216.11,979,232.11,966,279.11,969,281.11,960,300.11,965,297.11,954,296.11,965,294.11,958,290.11,967,288.11,1011,295.11,988,293.11,1012,402.11,949,376.11,1029,495.11,935,465.11,1039,508.11,947,481.11,999,523.11,885,488.11
3.52,946,115.11,953,107.11,955,107.11,957,106.11,950,108.11,949,108.11,949,108.11,969,109.11,958,111.11,953,123.11,948,124.11,988,152.11,969,163.11,986,216.11,974,232.11,947,278.11,956,282.11,940,299.11,951,298.11,934,295.11,951,295.11,938,288.11,953,289.11,1000,296.11,980,294.11,1006,403.11,935,376.11,1029,496.11,913,462.11,1040,512.11,924,479.11,1000,523.11,862,488.11
3.56,931,116.11,939,108.11,941,108.11,943,108.11,935,109.11,935,109.11,935,109.11,955,112.11,944,112.11,938,125.11,934,125.11,974,155.11,954,165.11,971,216.11,960,235.11,928,279.11,938,286.11,921,300.11,932,302.11,915,296.11,930,299.11,919,289.11,933,293.11,990,300.11,967,298.11,998,408.11,919,382.11,1026,500.11,889,467.11,1036,515.11,898,484.11,1000,524.11,837,487.11
3.6,917,119.11,925,111.11,927,111.11,929,111.11,921,112.11,921,112.11,921,112.11,941,115.11,930,115.11,923,128.11,920,127.11,961,158.11,938,170.11,956,217.11,945,239.11,916,280.11,922,289.11,909,301.11,916,305.11,903,298.11,914,302.11,907,291.11,917,296.11,975,304.11,950,301.11,988,412.11,902,388.11,1019,500.11,871,475.11,1029,515.11,881,493.11,998,524.11,819,492.11
3.64,903,120.11,911,112.11,913,112.11,915,112.11,907,112.11,906,112.11,906,112.11,927,116.11,914,116.11,909,128.11,905,128.11,946,159.11,918,170.11,941,218.11,921,238.11,902,280.11,900,288.11,896,301.11,893,304.11,890,298.11,892,301.11,894,291.11,895,295.11,956,304.11,929,302.11,976,409.11,886,388.11,1016,496.11,862,478.11,1026,510.11,873,496.11,997,518.11,810,497.11
3.68,887,121.11,894,114.11,895,114.11,897,114.11,890,114.11,890,115.11,890,115.11,909,117.11,898,118.11,893,129.11,889,130.11,932,160.11,902,170.11,932,219.11,896,234.11,898,287.11,872,275.11,894,309.11,866,288.11,886,306.11,865,286.11,889,299.11,868,281.11,940,303.11,913,301.11,962,403.11,872,387.11,1009,488.11,853,476.11,1021,502.11,866,494.11,990,511.11,798,497.11
3.72,870,122.11,876,115.11,878,115.11,879,114.11,875,116.11,875,116.11,876,116.11,892,118.11,887,120.11,876,130.11,875,131.11,917,160.11,895,170.11,922,219.11,893,225.11,893,288.11,863,266.11,891,311.11,855,278.11,883,309.11,853,278.11,885,301.11,856,273.11,924,302.11,900,300.11,951,395.11,860,386.11,1002,475.11,852,477.11,1014,487.11,867,495.11,986,497.11,801,500.11
3.75,855,121.11,861,114.11,863,114.11,864,113.11,860,115.11,861,115.11,861,115.11,878,117.11,873,118.11,861,129.11,860,130.11,904,161.11,881,170.11,914,219.11,885,228.11,891,292.11,862,274.11,890,314.11,855,290.11,882,313.11,854,293.11,883,306.11,857,287.11,910,302.11,887,300.11,922,398.11,848,386.11,986,472.11,852,477.11,998,481.11,865,494.11,976,496.11,809,502.11
3.8,844,120.11,851,113.11,853,113.11,855,113.11,849,114.11,850,114.11,850,114.11,867,116.11,861,117.11,850,128.11,848,129.11,892,160.11,865,168.11,906,219.11,875,229.11,887,297.11,858,289.11,888,320.11,853,308.11,878,320.11,852,308.11,879,312.11,854,302.11,893,300.11,871,298.11,888,397.11,833,386.11,960,465.11,852,476.11,974,472.11,867,492.11,954,494.11,818,505.11
3.84,833,119.11,839,112.11,840,112.11,842,112.11,838,112.11,838,112.11,839,112.11,854,115.11,851,113.11,840,127.11,838,128.11,878,160.11,863,162.11,899,219.11,869,228.11,879,296.11,847,293.11,880,318.11,841,311.11,870,317.11,840,312.11,871,310.11,842,306.11,879,297.11,863,295.11,867,394.11,833,386.11,933,462.11,857,476.11,949,469.11,870,491.11,923,490.11,824,504.11
3.88,823,115.11,828,109.11,829,109.11,831,109.11,827,109.11,828,109.11,828,108.11,843,112.11,839,111.11,828,124.11,827,124.11,866,159.11,851,161.11,888,219.11,848,226.11,869,296.11,819,287.11,870,319.11,811,304.11,860,317.11,810,305.11,861,310.11,813,299.11,867,295.11,854,292.11,849,394.11,843,381.11,883,468.11,866,466.11,897,476.11,879,477.11,859,491.11,834,488.11
3.92,812,113.11,817,106.11,819,106.11,820,106.11,816,107.11,816,107.11,817,107.11,832,109.11,828,109.11,819,121.11,817,122.11,858,154.11,839,160.11,878,214.11,833,223.11,861,296.11,801,284.11,862,318.11,793,300.11,852,316.11,791,301.11,853,309.11,795,295.11,858,290.11,846,289.11,828,388.11,838,381.11,853,469.11,866,468.11,867,479.11,880,481.11,824,494.11,838,491.11
3.96,799,113.11,805,106.11,806,106.11,808,105.11,803,106.11,804,106.11,804,106.11,820,108.11,815,109.11,807,121.11,805,121.11,847,153.11,827,160.11,869,214.11,820,223.11,852,294.11,787,280.11,854,317.11,778,294.11,844,315.11,776,295.11,844,308.11,779,290.11,846,290.11,834,288.11,818,390.11,826,379.11,845,471.11,864,464.11,859,479.11,879,476.11,818,499.11,836,488.11
4,790,112.11,795,105.11,797,105.11,798,105.11,794,105.11,795,105.11,796,105.11,811,107.11,807,106.11,797,120.11,795,120.11,837,153.11,821,157.11,857,215.11,811,221.11,840,292.11,773,274.11,841,313.11,762,287.11,832,312.11,760,287.11,833,305.11,764,283.11,836,290.11,827,287.11,803,389.11,816,380.11,821,471.11,843,465.11,834,480.11,857,479.11,789,499.11,812,489.11
4.04,777,112.11,782,106.11,784,105.11,785,105.11,781,106.11,782,106.11,783,105.11,799,108.11,795,108.11,783,120.11,782,121.11,826,154.11,809,159.11,854,215.11,800,223.11,835,291.11,756,275.11,835,312.11,744,289.11,825,311.11,741,289.11,826,304.11,746,284.11,824,291.11,816,289.11,792,390.11,817,385.11,784,478.11,840,474.11,792,491.11,853,488.11,746,501.11,808,495.11
4.08,764,113.11,770,106.11,771,106.11,772,106.11,768,106.11,769,106.11,770,106.11,786,109.11,782,108.11,771,121.11,770,121.11,816,155.11,796,161.11,845,215.11,784,223.11,825,289.11,741,275.11,826,311.11,728,288.11,815,310.11,726,289.11,816,302.11,731,284.11,815,294.11,807,292.11,773,390.11,814,389.11,746,489.11,839,480.11,752,505.11,853,496.11,702,508.11,805,500.11
4.12,755,113.11,761,106.11,762,106.11,764,106.11,759,107.11,759,106.11,760,106.11,776,109.11,771,109.11,761,121.11,759,122.11,805,157.11,782,165.11,834,217.11,772,226.11,815,289.11,726,276.11,816,312.11,714,289.11,804,311.11,711,290.11,804,304.11,716,285.11,807,296.11,799,296.11,756,384.11,809,391.11,718,483.11,836,481.11,722,499.11,850,497.11,672,505.11,802,502.11
4.16,739,115.11,745,109.11,747,108.11,749,108.11,744,110.11,745,110.11,745,110.11,762,112.11,757,114.11,746,124.11,745,125.11,792,160.11,770,169.11,816,221.11,760,229.11,800,295.11,718,276.11,802,318.11,707,289.11,791,317.11,704,290.11,791,309.11,708,285.11,794,299.11,787,298.11,740,382.11,805,392.11,697,482.11,837,478.11,700,497.11,851,493.11,652,501.11,805,500.11
4.2,727,117.11,733,110.11,734,110.11,736,109.11,731,111.11,732,111.11,733,111.11,749,113.11,745,115.11,734,125.11,732,126.11,777,162.11,758,169.11,802,225.11,750,232.11,782,302.11,710,279.11,783,326.11,699,291.11,772,324.11,697,291.11,773,316.11,701,287.11,778,302.11,774,300.11,727,383.11,795,390.11,690,483.11,834,475.11,694,499.11,848,489.11,644,502.11,804,494.11
4.25,718,118.11,724,111.11,725,111.11,726,111.11,723,112.11,724,112.11,725,112.11,739,115.11,737,115.11,724,127.11,723,127.11,761,165.11,754,169.11,786,230.11,747,233.11,766,305.11,711,279.11,766,327.11,701,291.11,757,325.11,698,291.11,758,317.11,702,287.11,760,305.11,762,303.11,716,383.11,788,390.11,690,488.11,831,472.11,698,505.11,846,486.11,646,505.11,804,489.11
4.28,706,117.11,712,111.11,714,111.11,715,111.11,711,111.11,712,111.11,712,111.11,728,115.11,723,115.11,712,126.11,710,126.11,749,165.11,735,169.11,776,228.11,730,235.11,755,302.11,695,285.11,755,324.11,686,298.11,745,322.11,683,298.11,746,315.11,687,293.11,747,303.11,743,301.11,714,400.11,769,390.11,698,494.11,814,471.11,706,509.11,830,485.11,657,513.11,788,488.11
4.32,694,117.11,700,111.11,702,110.11,704,110.11,699,110.11,699,110.11,700,110.11,715,115.11,710,115.11,699,126.11,697,126.11,735,165.11,721,169.11,755,229.11,717,235.11,733,302.11,690,286.11,732,323.11,683,300.11,723,321.11,681,299.11,725,314.11,683,295.11,733,303.11,728,300.11,700,405.11,749,389.11,700,498.11,799,472.11,712,511.11,816,486.11,660,522.11,770,490.11
4.36,682,114.11,688,107.11,689,108.11,691,108.11,686,106.11,687,106.11,687,106.11,703,113.11,698,109.11,688,124.11,685,123.11,722,164.11,714,164.11,734,230.11,711,235.11,715,301.11,693,286.11,714,322.11,688,300.11,707,317.11,687,299.11,708,311.11,688,294.11,720,303.11,717,299.11,682,410.11,722,382.11,688,505.11,775,461.11,700,517.11,791,474.11,652,532.11,749,483.11
4.4,669,112.11,674,105.11,676,105.11,677,105.11,673,104.11,674,103.11,674,102.11,690,109.11,687,104.11,675,122.11,673,121.11,705,162.11,712,156.11,718,232.11,717,234.11,707,301.11,706,288.11,708,320.11,699,303.11,701,316.11,697,301.11,703,310.11,700,296.11,705,302.11,707,294.11,672,413.11,705,373.11,680,511.11,737,450.11,693,526.11,750,463.11,645,535.11,711,469.11
4.44,657,110.11,663,102.11,664,102.11,666,102.11,662,101.11,663,101.11,663,100.11,678,106.11,676,103.11,664,119.11,662,118.11,691,158.11,703,155.11,700,230.11,707,234.11,686,298.11,698,287.11,686,318.11,696,301.11,681,314.11,695,300.11,683,308.11,695,295.11,695,299.11,699,291.11,673,409.11,695,371.11,679,506.11,711,451.11,691,521.11,721,466.11,643,527.11,682,468.11
4.49,646,107.11,652,99.114,653,99.114,655,99.114,651,99.114,652,98.114,653,98.114,667,104.11,665,101.11,653,116.11,651,116.11,680,155.11,691,154.11,684,230.11,692,232.11,670,293.11,682,286.11,670,313.11,681,301.11,665,309.11,680,298.11,667,303.11,679,292.11,686,298.11,687,291.11,668,409.11,673,375.11,679,503.11,693,457.11,690,517.11,704,471.11,647,525.11,665,475.11
4.53,632,106.11,637,99.114,639,99.114,640,99.114,636,98.114,637,97.114,638,97.114,653,103.11,650,100.11,638,116.11,636,115.11,669,154.11,673,151.11,677,226.11,680,226.11,650,287.11,665,274.11,647,306.11,662,287.11,640,302.11,659,285.11,643,296.11,659,280.11,679,294.11,675,289.11,672,405.11,653,376.11,674,496.11,669,461.11,684,509.11,683,476.11,637,518.11,629,483.11
4.56,621,105.11,628,98.114,630,99.114,632,99.114,626,97.114,626,97.114,627,96.114,643,104.11,637,99.114,627,115.11,624,114.11,659,154.11,653,152.11,664,221.11,660,225.11,632,282.11,641,274.11,627,302.11,636,287.11,620,297.11,634,285.11,624,291.11,635,280.11,672,293.11,661,288.11,677,402.11,632,375.11,680,494.11,647,461.11,688,506.11,662,476.11,646,518.11,606,484.11
4.6,609,106.11,616,99.114,618,100.11,619,100.11,615,98.114,615,98.114,616,97.114,631,105.11,627,101.11,614,116.11,612,115.11,645,155.11,643,153.11,650,220.11,647,226.11,610,278.11,619,274.11,603,296.11,612,287.11,597,292.11,609,286.11,601,285.11,611,281.11,661,295.11,652,290.11,670,402.11,619,374.11,679,494.11,626,463.11,688,507.11,640,478.11,647,518.11,580,486.11
4.64,599,107.11,605,100.11,607,100.11,608,100.11,604,99.114,605,99.114,606,98.114,621,106.11,617,101.11,604,117.11,602,116.11,631,156.11,639,154.11,627,220.11,637,227.11,587,279.11,607,276.11,579,296.11,600,289.11,575,291.11,597,288.11,580,285.11,599,283.11,647,296.11,642,290.11,660,403.11,597,373.11,681,494.11,592,466.11,691,507.11,605,484.11,648,519.11,538,488.11
4.68,585,108.11,591,101.11,592,102.11,593,102.11,591,100.11,592,99.114,593,98.114,605,108.11,606,102.11,590,118.11,590,116.11,616,157.11,634,155.11,615,220.11,637,227.11,577,281.11,607,276.11,569,299.11,600,289.11,563,295.11,597,288.11,569,289.11,598,283.11,638,299.11,637,291.11,651,403.11,583,370.11,676,495.11,556,465.11,687,509.11,566,481.11,646,519.11,498,479.11
4.72,570,111.11,577,105.11,578,105.11,579,106.11,577,103.11,578,103.11,579,102.11,592,112.11,592,106.11,576,121.11,575,120.11,605,161.11,617,160.11,602,221.11,620,229.11,556,281.11,587,279.11,547,299.11,580,290.11,541,295.11,577,289.11,547,289.11,579,285.11,628,301.11,622,293.11,643,404.11,566,372.11,669,496.11,534,463.11,678,510.11,543,481.11,645,519.11,478,475.11
4.76,558,115.11,564,109.11,565,109.11,566,110.11,564,108.11,566,107.11,567,107.11,579,114.11,580,109.11,564,125.11,564,124.11,593,162.11,605,162.11,590,221.11,608,231.11,546,282.11,576,283.11,537,301.11,570,294.11,530,296.11,566,293.11,536,290.11,568,289.11,615,301.11,610,294.11,636,404.11,555,372.11,666,494.11,526,464.11,675,508.11,536,482.11,644,514.11,471,478.11
4.8,534,113.11,541,107.11,543,107.11,544,107.11,541,105.11,542,105.11,543,104.11,556,112.11,555,108.11,539,123.11,539,122.11,570,162.11,571,163.11,559,222.11,572,234.11,516,284.11,545,291.11,507,303.11,539,305.11,502,299.11,537,304.11,507,292.11,539,299.11,587,305.11,575,299.11,609,403.11,525,378.11,655,488.11,513,474.11,665,500.11,525,492.11,641,510.11,464,496.11
4.84,524,115.11,529,108.11,530,109.11,531,109.11,529,107.11,530,107.11,532,106.11,542,114.11,543,109.11,528,125.11,528,123.11,551,162.11,566,161.11,547,222.11,572,233.11,510,288.11,548,286.11,503,309.11,543,300.11,497,306.11,541,299.11,502,298.11,542,294.11,570,303.11,567,297.11,596,395.11,527,380.11,650,475.11,512,476.11,663,487.11,524,493.11,636,496.11,462,499.11
4.88,511,114.11,518,108.11,519,109.11,519,109.11,518,107.11,519,107.11,521,106.11,530,113.11,532,109.11,515,124.11,515,123.11,534,162.11,553,160.11,530,222.11,561,224.11,504,288.11,540,278.11,499,308.11,536,292.11,494,305.11,533,292.11,498,298.11,534,288.11,553,302.11,553,296.11,572,392.11,520,380.11,635,467.11,515,476.11,649,478.11,527,493.11,621,489.11,468,499.11
4.92,501,113.11,506,106.11,507,107.11,508,107.11,507,105.11,508,104.11,509,104.11,518,112.11,521,106.11,504,123.11,505,121.11,528,161.11,539,155.11,529,222.11,547,221.11,501,288.11,529,279.11,497,308.11,526,293.11,491,305.11,524,293.11,495,298.11,524,288.11,544,297.11,541,292.11,559,392.11,514,382.11,618,472.11,516,478.11,633,482.11,529,494.11,600,496.11,471,503.11
4.96,487,112.11,492,106.11,493,106.11,494,106.11,493,104.11,494,104.11,495,103.11,505,110.11,507,104.11,492,121.11,492,120.11,521,156.11,527,150.11,526,220.11,534,219.11,502,287.11,519,279.11,499,307.11,516,294.11,493,304.11,514,295.11,496,297.11,515,289.11,533,292.11,529,287.11,526,389.11,505,383.11,586,462.11,519,476.11,602,469.11,532,491.11,569,488.11,482,501.11
5,477,111.11,481,104.11,482,104.11,483,105.11,482,103.11,484,103.11,485,102.11,495,107.11,498,103.11,483,120.11,484,119.11,513,153.11,526,150.11,521,219.11,535,217.11,497,287.11,516,277.11,494,307.11,512,293.11,488,304.11,509,294.11,491,298.11,510,288.11,525,288.11,526,283.11,502,386.11,503,381.11,549,463.11,518,473.11,566,470.11,531,486.11,524,490.11,482,499.11
5.05,466,110.11,470,103.11,471,103.11,471,103.11,471,102.11,473,101.11,475,101.11,484,105.11,489,101.11,473,118.11,474,117.11,501,151.11,522,147.11,507,219.11,532,214.11,487,287.11,512,276.11,484,307.11,507,291.11,479,304.11,503,291.11,483,297.11,505,286.11,512,286.11,520,281.11,478,380.11,490,381.11,524,457.11,510,472.11,540,463.11,522,484.11,502,487.11,480,499.11
5.08,458,108.11,461,100.11,462,100.11,463,100.11,462,99.114,464,99.114,465,98.114,476,101.11,480,99.114,465,116.11,466,115.11,495,148.11,513,145.11,502,217.11,517,214.11,478,283.11,496,276.11,474,302.11,491,291.11,470,299.11,488,291.11,473,293.11,490,286.11,505,286.11,512,280.11,469,380.11,489,376.11,499,463.11,511,465.11,513,471.11,523,478.11,472,491.11,482,490.11
5.12,446,108.11,450,100.11,451,100.11,452,100.11,451,99.114,452,99.114,454,98.114,463,102.11,467,99.114,453,116.11,453,115.11,481,148.11,499,145.11,490,218.11,503,216.11,464,282.11,479,276.11,458,301.11,473,291.11,453,297.11,470,292.11,458,291.11,472,286.11,493,286.11,503,281.11,457,382.11,486,376.11,474,472.11,502,468.11,489,482.11,514,482.11,439,502.11,470,492.11
5.16,436,109.11,439,101.11,440,101.11,441,101.11,440,100.11,442,100.11,443,99.114,454,103.11,457,98.114,443,117.11,444,116.11,476,148.11,488,144.11,480,218.11,486,216.11,447,281.11,457,275.11,440,299.11,449,288.11,435,295.11,447,288.11,439,289.11,449,283.11,487,287.11,493,281.11,442,381.11,480,377.11,446,478.11,494,472.11,459,490.11,506,488.11,405,508.11,459,496.11
5.2,423,108.11,427,101.11,428,100.11,429,100.11,427,99.114,429,99.114,430,98.114,441,102.11,443,98.114,430,116.11,430,115.11,463,148.11,474,145.11,476,218.11,470,217.11,445,281.11,439,276.11,439,300.11,431,291.11,432,296.11,429,289.11,436,289.11,431,284.11,473,287.11,481,282.11,427,380.11,479,378.11,403,486.11,492,476.11,413,502.11,504,493.11,356,509.11,455,498.11
5.24,414,110.11,417,101.11,418,101.11,419,101.11,417,100.11,419,99.114,420,98.114,431,103.11,433,99.114,420,117.11,421,116.11,451,149.11,467,145.11,462,219.11,466,217.11,428,284.11,436,277.11,421,304.11,427,291.11,414,299.11,425,290.11,419,292.11,427,285.11,462,287.11,473,282.11,412,374.11,479,380.11,376,480.11,495,475.11,383,495.11,507,491.11,327,508.11,460,497.11
5.28,400,110.11,404,101.11,406,101.11,407,101.11,405,100.11,406,99.114,407,98.114,420,103.11,420,99.114,407,117.11,406,116.11,438,149.11,455,145.11,450,222.11,457,218.11,417,287.11,428,279.11,410,307.11,420,293.11,403,302.11,418,293.11,408,295.11,420,288.11,449,288.11,462,283.11,395,376.11,473,382.11,354,479.11,493,474.11,359,493.11,504,491.11,307,495.11,462,492.11
5.32,391,112.11,395,103.11,396,103.11,397,103.11,395,102.11,396,102.11,397,101.11,410,104.11,410,101.11,398,120.11,398,119.11,427,152.11,446,147.11,437,227.11,449,222.11,404,289.11,422,279.11,396,308.11,414,293.11,390,303.11,411,292.11,395,296.11,414,288.11,438,294.11,452,288.11,386,377.11,467,383.11,347,479.11,491,470.11,352,494.11,502,486.11,301,496.11,462,488.11
5.36,376,112.11,381,103.11,383,103.11,384,103.11,380,102.11,381,102.11,382,101.11,396,105.11,393,103.11,383,120.11,381,119.11,414,154.11,420,153.11,431,225.11,421,226.11,405,293.11,395,283.11,401,315.11,387,297.11,393,311.11,386,296.11,396,304.11,388,292.11,428,296.11,436,292.11,381,386.11,458,387.11,351,482.11,492,470.11,358,497.11,504,485.11,306,497.11,463,489.11
5.4,366,114.11,370,106.11,372,106.11,373,106.11,370,105.11,371,105.11,372,105.11,385,108.11,384,106.11,373,122.11,371,122.11,400,156.11,414,156.11,410,225.11,419,226.11,385,292.11,397,281.11,382,312.11,391,296.11,375,308.11,388,296.11,379,301.11,390,290.11,416,295.11,425,292.11,378,386.11,445,385.11,358,480.11,481,465.11,367,495.11,494,479.11,314,497.11,453,483.11
5.45,351,114.11,355,106.11,356,106.11,358,106.11,355,106.11,355,105.11,356,105.11,369,109.11,368,107.11,358,122.11,357,122.11,385,156.11,403,156.11,399,225.11,417,226.11,384,293.11,402,279.11,383,313.11,398,293.11,376,309.11,395,292.11,379,303.11,395,287.11,403,295.11,411,291.11,374,388.11,418,385.11,380,475.11,449,467.11,392,487.11,463,482.11,341,497.11,418,486.11
5.48,337,115.11,341,107.11,342,107.11,343,107.11,340,107.11,341,106.11,342,106.11,355,109.11,354,106.11,344,123.11,343,123.11,371,155.11,389,154.11,383,225.11,403,225.11,363,292.11,391,279.11,361,312.11,387,293.11,355,309.11,384,292.11,358,302.11,385,287.11,389,294.11,399,291.11,349,389.11,410,384.11,355,474.11,447,462.11,368,485.11,462,475.11,319,498.11,422,484.11
5.53,326,115.11,329,106.11,329,106.11,330,106.11,329,106.11,331,105.11,332,105.11,342,108.11,345,106.11,333,123.11,333,122.11,360,152.11,378,153.11,372,217.11,389,223.11,354,289.11,379,279.11,352,310.11,377,293.11,346,308.11,375,292.11,350,301.11,375,287.11,376,291.11,387,286.11,337,394.11,392,371.11,346,482.11,435,444.11,358,491.11,449,455.11,312,512.11,413,467.11
5.57,317,111.11,320,103.11,321,103.11,322,103.11,320,103.11,322,102.11,323,102.11,333,105.11,335,103.11,323,119.11,323,119.11,343,150.11,373,150.11,350,215.11,380,221.11,330,287.11,366,278.11,327,308.11,363,293.11,322,305.11,361,292.11,326,299.11,360,287.11,364,288.11,379,281.11,337,394.11,377,359.11,350,485.11,408,431.11,362,496.11,421,442.11,317,513.11,383,453.11
5.62,293,103.11,297,95.114,297,95.114,298,95.114,298,94.114,299,94.114,300,93.114,309,98.114,313,94.114,300,112.11,300,111.11,318,145.11,352,143.11,319,215.11,359,216.11,292,276.11,337,269.11,286,296.11,332,282.11,282,291.11,329,280.11,288,285.11,329,276.11,340,286.11,354,279.11,329,396.11,344,363.11,345,492.11,362,444.11,359,505.11,375,457.11,308,519.11,327,465.11
5.67,280,100.11,282,92.114,283,92.114,284,92.114,284,90.114,286,90.114,288,89.114,294,94.114,301,89.114,286,109.11,286,108.11,300,143.11,346,136.11,295,215.11,356,210.11,267,278.11,336,269.11,261,297.11,332,283.11,257,293.11,328,281.11,262,287.11,328,277.11,327,283.11,348,275.11,322,394.11,333,364.11,333,488.11,335,447.11,347,501.11,346,463.11,291,514.11,294,469.11
5.7,269,102.11,274,94.114,275,94.114,276,94.114,274,92.114,275,91.114,276,90.114,287,97.114,289,90.114,275,112.11,275,110.11,292,145.11,333,135.11,274,216.11,353,210.11,238,279.11,345,275.11,231,296.11,345,292.11,226,291.11,342,291.11,231,286.11,342,286.11,319,283.11,334,273.11,324,391.11,301,353.11,336,488.11,308,440.11,347,499.11,321,456.11,297,513.11,262,463.11
5.74,262,103.11,265,94.114,265,94.114,265,94.114,267,92.114,269,91.114,271,90.114,276,97.114,285,91.114,267,112.11,269,110.11,279,146.11,329,136.11,252,222.11,349,211.11,223,280.11,351,281.11,217,296.11,353,300.11,215,291.11,351,297.11,220,286.11,350,292.11,309,285.11,327,275.11,311,392.11,302,355.11,333,488.11,301,440.11,346,502.11,312,455.11,295,513.11,258,461.11
5.78,250,104.11,252,95.114,253,96.114,253,96.114,256,92.114,258,92.114,260,91.114,264,99.114,275,92.114,254,113.11,258,111.11,272,151.11,319,136.11,248,223.11,345,208.11,216,279.11,352,284.11,209,294.11,355,303.11,207,289.11,353,301.11,212,284.11,351,295.11,304,285.11,320,275.11,311,392.11,277,357.11,332,486.11,262,441.11,344,501.11,273,456.11,297,510.11,209,462.11
5.82,242,108.11,245,101.11,246,102.11,246,102.11,248,98.114,250,98.114,252,97.114,256,107.11,265,99.114,245,118.11,247,116.11,258,161.11,305,144.11,235,227.11,334,210.11,200,280.11,343,286.11,192,295.11,349,304.11,191,290.11,348,303.11,196,285.11,344,296.11,297,290.11,311,277.11,306,398.11,258,360.11,334,486.11,228,445.11,346,500.11,237,462.11,300,507.11,170,463.11
5.85,234,110.11,237,104.11,237,104.11,236,105.11,242,102.11,244,101.11,247,100.11,246,110.11,261,103.11,237,120.11,241,118.11,246,160.11,298,147.11,224,225.11,319,213.11,190,280.11,328,291.11,183,296.11,334,309.11,182,291.11,332,308.11,186,286.11,329,301.11,281,289.11,297,277.11,298,397.11,242,364.11,331,479.11,208,447.11,341,493.11,216,463.11,301,498.11,153,464.11
5.88,224,113.11,228,107.11,228,107.11,228,107.11,232,105.11,234,105.11,237,104.11,237,113.11,250,108.11,227,123.11,231,121.11,238,163.11,283,157.11,208,225.11,302,221.11,173,281.11,309,293.11,165,295.11,314,311.11,164,291.11,313,309.11,170,286.11,310,303.11,270,294.11,282,287.11,289,398.11,227,368.11,331,481.11,201,457.11,342,495.11,211,475.11,302,500.11,144,475.11
5.93,213,113.11,216,107.11,216,107.11,216,107.11,220,106.11,222,105.11,224,105.11,225,111.11,237,108.11,215,122.11,219,121.11,228,159.11,268,156.11,207,220.11,287,222.11,174,281.11,285,289.11,167,296.11,287,307.11,164,293.11,283,306.11,169,287.11,281,300.11,257,293.11,266,285.11,284,393.11,212,366.11,332,476.11,190,458.11,345,489.11,202,475.11,305,497.11,133,480.11
5.98,198,113.11,201,106.11,201,106.11,201,107.11,204,106.11,206,105.11,209,105.11,211,110.11,222,107.11,202,121.11,205,121.11,220,156.11,255,154.11,205,218.11,270,225.11,172,279.11,261,290.11,164,296.11,259,307.11,161,293.11,257,306.11,167,287.11,257,300.11,249,289.11,255,284.11,269,386.11,204,365.11,327,471.11,187,461.11,341,484.11,200,478.11,305,495.11,133,486.11
6.02,191,112.11,193,105.11,193,105.11,192,106.11,198,104.11,200,104.11,203,104.11,201,110.11,216,105.11,194,121.11,198,120.11,207,149.11,249,153.11,200,215.11,262,222.11,169,278.11,237,279.11,161,296.11,231,294.11,158,293.11,226,294.11,164,287.11,227,288.11,235,284.11,246,283.11,261,384.11,203,365.11,322,465.11,188,463.11,337,477.11,201,480.11,303,489.11,136,489.11
6.07,181,111.11,184,104.11,183,104.11,182,104.11,189,104.11,192,104.11,195,103.11,191,106.11,208,104.11,183,118.11,189,118.11,194,148.11,242,149.11,186,216.11,254,220.11,160,278.11,229,273.11,154,296.11,224,287.11,151,293.11,219,287.11,156,287.11,219,282.11,222,283.11,238,283.11,238,385.11,197,368.11,304,463.11,187,466.11,320,474.11,199,482.11,285,487.11,138,493.11
6.1,169,110.11,171,103.11,171,103.11,170,102.11,176,103.11,179,102.11,182,102.11,180,104.11,197,102.11,172,117.11,177,117.11,185,145.11,233,143.11,177,215.11,245,214.11,152,278.11,221,274.11,146,297.11,216,290.11,143,295.11,212,290.11,148,288.11,212,285.11,210,283.11,226,281.11,212,386.11,185,371.11,283,462.11,180,468.11,299,470.11,191,483.11,268,489.11,137,497.11
6.13,160,109.11,162,102.11,161,102.11,160,102.11,167,101.11,170,101.11,174,100.11,169,104.11,188,101.11,163,117.11,169,116.11,173,146.11,227,141.11,173,216.11,238,208.11,151,278.11,208,264.11,146,298.11,202,279.11,143,294.11,195,280.11,148,288.11,197,276.11,198,283.11,219,280.11,193,384.11,183,373.11,259,455.11,183,466.11,276,462.11,194,480.11,241,481.11,143,493.11
6.17,152,103.11,154,96.114,154,96.114,153,96.114,159,95.114,161,95.114,164,94.114,162,99.114,178,96.114,155,111.11,160,111.11,166,144.11,216,140.11,163,216.11,224,207.11,141,278.11,196,265.11,136,297.11,190,279.11,133,294.11,185,280.11,138,288.11,186,276.11,193,283.11,213,278.11,160,376.11,168,375.11,219,448.11,180,472.11,236,452.11,192,484.11,201,479.11,146,501.11
6.21,149,101.11,150,93.114,150,93.114,149,93.114,153,93.114,155,92.114,158,92.114,157,96.114,170,95.114,153,109.11,156,109.11,159,142.11,210,140.11,154,216.11,215,208.11,132,275.11,193,264.11,126,293.11,188,278.11,125,289.11,184,278.11,130,284.11,184,273.11,186,283.11,209,279.11,147,375.11,175,375.11,187,454.11,191,460.11,206,461.11,203,470.11,157,483.11,157,488.11
6.26,140,102.11,140,94.114,140,93.114,139,93.114,143,93.114,144,93.114,146,92.114,147,96.114,157,94.114,145,110.11,147,110.11,148,142.11,204,139.11,144,217.11,209,210.11,120,273.11,191,267.11,113,287.11,187,282.11,112,282.11,184,282.11,118,278.11,183,277.11,172,283.11,200,279.11,142,375.11,177,366.11,173,457.11,191,449.11,190,464.11,203,461.11,140,484.11,159,472.11
6.31,128,101.11,129,93.114,129,93.114,128,92.114,132,93.114,134,93.114,136,92.114,136,96.114,149,95.114,133,109.11,135,109.11,139,142.11,192,140.11,143,217.11,203,209.11,115,271.11,182,268.11,107,286.11,177,282.11,105,281.11,173,282.11,111,277.11,174,278.11,164,283.11,193,279.11,124,371.11,176,369.11,147,456.11,189,463.11,162,465.11,200,478.11,114,483.11,158,482.11
6.35,118,101.11,120,93.114,120,93.114,120,93.114,123,93.114,125,93.114,128,93.114,128,97.114,140,96.114,122,109.11,125,109.11,128,143.11,180,143.11,139,217.11,189,209.11,112,272.11,168,272.11,104,287.11,164,286.11,101,282.11,160,285.11,108,278.11,161,281.11,155,286.11,184,282.11,106,370.11,173,374.11,104,463.11,183,468.11,114,479.11,193,483.11,68,483.11,154,488.11
6.4,105,101.11,106,93.114,106,93.114,105,93.114,110,93.114,112,93.114,114,93.114,114,97.114,127,96.114,109,109.11,112,109.11,120,143.11,167,145.11,133,216.11,176,212.11,103,271.11,157,273.11,95,288.11,154,288.11,92,283.11,151,287.11,98,278.11,151,283.11,148,286.11,176,283.11,92,369.11,173,374.11,70,470.11,185,466.11,79,488.11,195,481.11,26,487.11,154,487.11
6.43,96,101.11,98,94.114,98,94.114,98,94.114,101,94.114,103,94.114,105,94.114,107,97.114,118,98.114,101,109.11,104,109.11,114,145.11,157,148.11,128,216.11,165,216.11,95,274.11,143,280.11,87,291.11,139,295.11,82,286.11,136,294.11,88,281.11,136,289.11,138,288.11,165,285.11,86,370.11,171,376.11,59,472.11,184,466.11,67,490.11,195,481.11,15,488.11,154,485.11
6.46,88,101.11,90,94.114,90,94.114,90,93.114,93,94.114,95,94.114,97,94.114,99,98.114,109,98.114,92,109.11,95,109.11,103,147.11,148,150.11,120,218.11,156,218.11,90,276.11,132,279.11,82,293.11,127,294.11,77,288.11,123,293.11,83,283.11,124,289.11,128,289.11,157,286.11,73,371.11,166,378.11,41,473.11,179,466.11,47,491.11,189,481.11,-3,488.11,150,485.11
6.49,79,101.11,80,94.114,80,94.114,79,94.114,84,94.114,86,95.114,88,95.114,86,100.11,99,101.11,82,109.11,86,110.11,88,150.11,137,152.11,104,222.11,144,219.11,75,280.11,119,278.11,68,296.11,114,292.11,63,291.11,110,292.11,70,287.11,111,288.11,113,290.11,144,288.11,62,373.11,158,378.11,37,476.11,177,466.11,46,494.11,187,481.11,-5,491.11,149,482.11
6.54,65,101.11,68,94.114,67,94.114,67,94.114,71,95.114,72,95.114,74,95.114,75,100.11,86,101.11,70,110.11,72,111.11,78,152.11,125,152.11,93,226.11,136,218.11,66,285.11,113,277.11,59,303.11,108,290.11,54,298.11,105,289.11,61,293.11,106,286.11,104,293.11,134,290.11,55,373.11,145,379.11,42,476.11,171,464.11,52,493.11,183,480.11,2,492.11,145,481.11
6.57,54,103.11,56,96.114,56,96.114,56,96.114,59,97.114,61,97.114,62,97.114,63,102.11,74,103.11,58,112.11,60,112.11,65,153.11,113,153.11,80,227.11,129,217.11,58,285.11,111,266.11,52,302.11,107,277.11,47,297.11,103,276.11,53,292.11,103,273.11,94,295.11,124,291.11,48,375.11,137,378.11,42,476.11,168,461.11,54,493.11,180,476.11,4,495.11,144,478.11
6.62,43,103.11,44,96.114,44,96.114,44,96.114,48,97.114,50,97.114,52,97.114,50,102.11,63,102.11,47,112.11,50,112.11,50,152.11,103,152.11,60,226.11,117,217.11,38,283.11,103,267.11,32,300.11,100,279.11,29,296.11,96,278.11,35,290.11,96,274.11,81,294.11,112,289.11,44,378.11,130,375.11,46,481.11,164,455.11,58,497.11,177,470.11,9,502.11,141,473.11
6.65,32,103.11,33,96.114,32,96.114,32,96.114,37,96.114,39,96.114,41,97.114,39,101.11,52,101.11,36,111.11,39,112.11,40,151.11,91,151.11,47,225.11,104,217.11,22,282.11,88,265.11,15,300.11,85,277.11,13,295.11,80,275.11,19,290.11,80,272.11,68,293.11,98,288.11,31,379.11,117,370.11,42,480.11,156,449.11,55,495.11,169,463.11,9,502.11,137,467.11
6.69,21,103.11,23,96.114,23,96.114,23,96.114,26,96.114,27,96.114,29,96.114,31,101.11,40,101.11,26,111.11,27,112.11,31,151.11,79,151.11,33,226.11,95,218.11,11,281.11,86,265.11,4,297.11,85,276.11,3,292.11,81,273.11,9,287.11,80,270.11,58,292.11,86,286.11,25,387.11,103,367.11,44,483.11,147,445.11,58,496.11,161,458.11,14,509.11,130,465.11
6.74,13,103.11,14,96.114,15,96.114,14,96.114,17,96.114,19,96.114,20,96.114,23,100.11,32,100.11,19,111.11,20,112.11,27,147.11,72,149.11,29,222.11,79,222.11,6,272.11,63,265.11,0,287.11,59,278.11,-1,283.11,56,276.11,4,278.11,56,273.11,50,289.11,76,283.11,15,386.11,88,367.11,41,484.11,132,447.11,56,496.11,146,459.11,12,514.11,115,468.11
6.79,7,103.11,9,95.114,9,95.114,9,95.114,11,95.114,12,95.114,14,95.114,18,98.114,26,98.114,12,111.11,13,112.11,21,146.11,68,148.11,23,215.11,77,224.11,6,235.11,64,267.11,0,241.11,62,278.11,1,236.11,58,277.11,7,235.11,58,273.11,46,290.11,72,284.11,-1,389.11,70,367.11,32,484.11,112,446.11,47,489.11,125,457.11,6,508.11,96,468.11
6.82,4,103.11,4,95.114,4,95.114,4,94.114,8,95.114,10,95.114,13,94.114,12,97.114,26,97.114,9,111.11,12,111.11,17,145.11,71,144.11,22,196.11,85,214.11,13,201.11,71,257.11,8,202.11,70,268.11,10,199.11,66,266.11,15,199.11,66,263.11,41,290.11,68,283.11,1,387.11,54,363.11,39,475.11,83,444.11,55,482.11,96,455.11,10,506.11,59,468.11
6.85,0,103.11,0,94.114,0,94.114,0,94.114,3,94.114,5,94.114,7,94.114,8,96.114,20,96.114,5,111.11,7,111.11,14,139.11,67,144.11,21,161.11,83,207.11,9,143.11,72,252.11,3,136.11,72,262.11,6,134.11,68,260.11,11,139.11,68,257.11,37,288.11,63,280.11,3,382.11,34,359.11,23,471.11,33,446.11,39,481.11,42,458.11,-10,500.11,0,469.11
6.89,-4,103.11,-2,94.114,-2,94.114,-3,94.114,1,95.114,3,94.114,6,94.114,6,97.114,20,97.114,0,111.11,3,111.11,9,139.11,63,146.11,25,178.11,82,211.11,17,218.11,73,254.11,6,225.11,74,266.11,9,227.11,70,262.11,15,224.11,69,257.11,29,288.11,54,282.11,10,383.11,36,360.11,19,475.11,31,446.11,29,485.11,39,459.11,-13,496.11,0,465.11
6.93,-8,110.11,-5,101.11,-5,101.11,-5,101.11,-3,102.11,-1,102.11,0,101.11,4,103.11,12,103.11,-2,117.11,0,117.11,15,144.11,44,148.11,27,205.11,67,214.11,41,269.11,67,274.11,44,286.11,67,291.11,38,287.11,65,289.11,39,281.11,65,284.11,25,288.11,36,282.11,8,384.11,19,362.11,14,477.11,22,446.11,23,492.11,29,459.11,-11,499.11,0,466.11
6.97,-8,114.11,-4,106.11,-3,106.11,-3,106.11,-3,107.11,-2,108.11,-1,108.11,5,109.11,9,112.11,-4,121.11,-4,121.11,12,145.11,28,157.11,21,190.11,34,218.11,12,185.11,29,267.11,14,185.11,28,281.11,10,185.11,27,279.11,11,187.11,27,274.11,17,284.11,22,281.11,10,384.11,18,366.11,17,477.11,21,451.11,26,490.11,29,464.11,-7,500.11,0,477.11
7.02,-19,122.11,-14,115.11,-13,115.11,-13,115.11,-13,116.11,-11,116.11,-10,116.11,-5,120.11,0,121.11,-17,129.11,-16,129.11,-6,155.11,14,165.11,-4,203.11,18,230.11,-15,245.11,15,278.11,-15,257.11,15,291.11,-18,258.11,14,289.11,-16,255.11,14,284.11,-2,283.11,6,280.11,5,381.11,16,367.11,19,472.11,23,451.11,27,484.11,29,463.11,-3,500.11,8,478.11
7.07,-1,-34.886,-1,-34.886,-1,-34.886,-1,-34.886,-1,-34.886,-1,-34.886,-1,-34.886,-1,-34.886,-1,-34.886,-1,-34.886,-1,-34.886,-1,-34.886,-1,-34.886,-1,-34.886,-1,-34.886,-1,-34.886,-1,-34.886,-1,-34.886,-1,-34.886,-1,-34.886,-1,-34.886,-1,-34.886,-1,-34.886,-1,-34.886,-1,-34.886,-1,-34.886,-1,-34.886,-1,-34.886,-1,-34.886,-1,-34.886,-1,-34.886,-1,-34.886,-1,-34.886
7.1,-1,-34.886,-1,-34.886,-1,-34.886,-1,-34.886,-1,-34.886,-1,-34.886,-1,-34.886,-1,-34.886,-1,-34.886,-1,-34.886,-1,-34.886,-1,-34.886,-1,-34.886,-1,-34.886,-1,-34.886,-1,-34.886,-1,-34.886,-1,-34.886,-1,-34.886,-1,-34.886,-1,-34.886,-1,-34.886,-1,-34.886,-1,-34.886,-1,-34.886,-1,-34.886,-1,-34.886,-1,-34.886,-1,-34.886,-1,-34.886,-1,-34.886,-1,-34.886,-1,-34.886
7.13,-1,-34.886,-1,-34.886,-1,-34.886,-1,-34.886,-1,-34.886,-1,-34.886,-1,-34.886,-1,-34.886,-1,-34.886,-1,-34.886,-1,-34.886,-1,-34.886,-1,-34.886,-1,-34.886,-1,-34.886,-1,-34.886,-1,-34.886,-1,-34.886,-1,-34.886,-1,-34.886,-1,-34.886,-1,-34.886,-1,-34.886,-1,-34.886,-1,-34.886,-1,-34.886,-1,-34.886,-1,-34.886,-1,-34.886,-1,-34.886,-1,-34.886,-1,-34.886,-1,-34.886
7.17,-1,-34.886,-1,-34.886,-1,-34.886,-1,-34.886,-1,-34.886,-1,-34.886,-1,-34.886,-1,-34.886,-1,-34.886,-1,-34.886,-1,-34.886,-1,-34.886,-1,-34.886,-1,-34.886,-1,-34.886,-1,-34.886,-1,-34.886,-1,-34.886,-1,-34.886,-1,-34.886,-1,-34.886,-1,-34.886,-1,-34.886,-1,-34.886,-1,-34.886,-1,-34.886,-1,-34.886,-1,-34.886,-1,-34.886,-1,-34.886,-1,-34.886,-1,-34.886,-1,-34.886
7.21,-1,-34.886,-1,-34.886,-1,-34.886,-1,-34.886,-1,-34.886,-1,-34.886,-1,-34.886,-1,-34.886,-1,-34.886,-1,-34.886,-1,-34.886,-1,-34.886,-1,-34.886,-1,-34.886,-1,-34.886,-1,-34.886,-1,-34.886,-1,-34.886,-1,-34.886,-1,-34.886,-1,-34.886,-1,-34.886,-1,-34.886,-1,-34.886,-1,-34.886,-1,-34.886,-1,-34.886,-1,-34.886,-1,-34.886,-1,-34.886,-1,-34.886,-1,-34.886,-1,-34.886
7.25,-1,-34.886,-1,-34.886,-1,-34.886,-1,-34.886,-1,-34.886,-1,-34.886,-1,-34.886,-1,-34.886,-1,-34.886,-1,-34.886,-1,-34.886,-1,-34.886,-1,-34.886,-1,-34.886,-1,-34.886,-1,-34.886,-1,-34.886,-1,-34.886,-1,-34.886,-1,-34.886,-1,-34.886,-1,-34.886,-1,-34.886,-1,-34.886,-1,-34.886,-1,-34.886,-1,-34.886,-1,-34.886,-1,-34.886,-1,-34.886,-1,-34.886,-1,-34.886,-1,-34.886
7.28,-1,-34.886,-1,-34.886,-1,-34.886,-1,-34.886,-1,-34.886,-1,-34.886,-1,-34.886,-1,-34.886,-1,-34.886,-1,-34.886,-1,-34.886,-1,-34.886,-1,-34.886,-1,-34.886,-1,-34.886,-1,-34.886,-1,-34.886,-1,-34.886,-1,-34.886,-1,-34.886,-1,-34.886,-1,-34.886,-1,-34.886,-1,-34.886,-1,-34.886,-1,-34.886,-1,-34.886,-1,-34.886,-1,-34.886,-1,-34.886,-1,-34.886,-1,-34.886,-1,-34.886
7.33,-1,-34.886,-1,-34.886,-1,-34.886,-1,-34.886,-1,-34.886,-1,-34.886,-1,-34.886,-1,-34.886,-1,-34.886,-1,-34.886,-1,-34.886,-1,-34.886,-1,-34.886,-1,-34.886,-1,-34.886,-1,-34.886,-1,-34.886,-1,-34.886,-1,-34.886,-1,-34.886,-1,-34.886,-1,-34.886,-1,-34.886,-1,-34.886,-1,-34.886,-1,-34.886,-1,-34.886,-1,-34.886,-1,-34.886,-1,-34.886,-1,-34.886,-1,-34.886,-1,-34.886
7.38,-1,-34.886,-1,-34.886,-1,-34.886,-1,-34.886,-1,-34.886,-1,-34.886,-1,-34.886,-1,-34.886,-1,-34.886,-1,-34.886,-1,-34.886,-1,-34.886,-1,-34.886,-1,-34.886,-1,-34.886,-1,-34.886,-1,-34.886,-1,-34.886,-1,-34.886,-1,-34.886,-1,-34.886,-1,-34.886,-1,-34.886,-1,-34.886,-1,-34.886,-1,-34.886,-1,-34.886,-1,-34.886,-1,-34.886,-1,-34.886,-1,-34.886,-1,-34.886,-1,-34.886
7.42,-1,-34.886,-1,-34.886,-1,-34.886,-1,-34.886,-1,-34.886,-1,-34.886,-1,-34.886,-1,-34.886,-1,-34.886,-1,-34.886,-1,-34.886,-1,-34.886,-1,-34.886,-1,-34.886,-1,-34.886,-1,-34.886,-1,-34.886,-1,-34.886,-1,-34.886,-1,-34.886,-1,-34.886,-1,-34.886,-1,-34.886,-1,-34.886,-1,-34.886,-1,-34.886,-1,-34.886,-1,-34.886,-1,-34.886,-1,-34.886,-1,-34.886,-1,-34.886,-1,-34.886
7.46,-1,-34.886,-1,-34.886,-1,-34.886,-1,-34.886,-1,-34.886,-1,-34.886,-1,-34.886,-1,-34.886,-1,-34.886,-1,-34.886,-1,-34.886,-1,-34.886,-1,-34.886,-1,-34.886,-1,-34.886,-1,-34.886,-1,-34.886,-1,-34.886,-1,-34.886,-1,-34.886,-1,-34.886,-1,-34.886,-1,-34.886,-1,-34.886,-1,-34.886,-1,-34.886,-1,-34.886,-1,-34.886,-1,-34.886,-1,-34.886,-1,-34.886,-1,-34.886,-1,-34.886
7.49,-1,-34.886,-1,-34.886,-1,-34.886,-1,-34.886,-1,-34.886,-1,-34.886,-1,-34.886,-1,-34.886,-1,-34.886,-1,-34.886,-1,-34.886,-1,-34.886,-1,-34.886,-1,-34.886,-1,-34.886,-1,-34.886,-1,-34.886,-1,-34.886,-1,-34.886,-1,-34.886,-1,-34.886,-1,-34.886,-1,-34.886,-1,-34.886,-1,-34.886,-1,-34.886,-1,-34.886,-1,-34.886,-1,-34.886,-1,-34.886,-1,-34.886,-1,-34.886,-1,-34.886
7.53,-1,-34.886,-1,-34.886,-1,-34.886,-1,-34.886,-1,-34.886,-1,-34.886,-1,-34.886,-1,-34.886,-1,-34.886,-1,-34.886,-1,-34.886,-1,-34.886,-1,-34.886,-1,-34.886,-1,-34.886,-1,-34.886,-1,-34.886,-1,-34.886,-1,-34.886,-1,-34.886,-1,-34.886,-1,-34.886,-1,-34.886,-1,-34.886,-1,-34.886,-1,-34.886,-1,-34.886,-1,-34.886,-1,-34.886,-1,-34.886,-1,-34.886,-1,-34.886,-1,-34.886
7.57,-1,-34.886,-1,-34.886,-1,-34.886,-1,-34.886,-1,-34.886,-1,-34.886,-1,-34.886,-1,-34.886,-1,-34.886,-1,-34.886,-1,-34.886,-1,-34.886,-1,-34.886,-1,-34.886,-1,-34.886,-1,-34.886,-1,-34.886,-1,-34.886,-1,-34.886,-1,-34.886,-1,-34.886,-1,-34.886,-1,-34.886,-1,-34.886,-1,-34.886,-1,-34.886,-1,-34.886,-1,-34.886,-1,-34.886,-1,-34.886,-1,-34.886,-1,-34.886,-1,-34.886
7.62,-1,-34.886,-1,-34.886,-1,-34.886,-1,-34.886,-1,-34.886,-1,-34.886,-1,-34.886,-1,-34.886,-1,-34.886,-1,-34.886,-1,-34.886,-1,-34.886,-1,-34.886,-1,-34.886,-1,-34.886,-1,-34.886,-1,-34.886,-1,-34.886,-1,-34.886,-1,-34.886,-1,-34.886,-1,-34.886,-1,-34.886,-1,-34.886,-1,-34.886,-1,-34.886,-1,-34.886,-1,-34.886,-1,-34.886,-1,-34.886,-1,-34.886,-1,-34.886,-1,-34.886
7.66,-1,-34.886,-1,-34.886,-1,-34.886,-1,-34.886,-1,-34.886,-1,-34.886,-1,-34.886,-1,-34.886,-1,-34.886,-1,-34.886,-1,-34.886,-1,-34.886,-1,-34.886,-1,-34.886,-1,-34.886,-1,-34.886,-1,-34.886,-1,-34.886,-1,-34.886,-1,-34.886,-1,-34.886,-1,-34.886,-1,-34.886,-1,-34.886,-1,-34.886,-1,-34.886,-1,-34.886,-1,-34.886,-1,-34.886,-1,-34.886,-1,-34.886,-1,-34.886,-1,-34.886
7.71,-1,-34.886,-1,-34.886,-1,-34.886,-1,-34.886,-1,-34.886,-1,-34.886,-1,-34.886,-1,-34.886,-1,-34.886,-1,-34.886,-1,-34.886,-1,-34.886,-1,-34.886,-1,-34.886,-1,-34.886,-1,-34.886,-1,-34.886,-1,-34.886,-1,-34.886,-1,-34.886,-1,-34.886,-1,-34.886,-1,-34.886,-1,-34.886,-1,-34.886,-1,-34.886,-1,-34.886,-1,-34.886,-1,-34.886,-1,-34.886,-1,-34.886,-1,-34.886,-1,-34.886
7.74,-1,-34.886,-1,-34.886,-1,-34.886,-1,-34.886,-1,-34.886,-1,-34.886,-1,-34.886,-1,-34.886,-1,-34.886,-1,-34.886,-1,-34.886,-1,-34.886,-1,-34.886,-1,-34.886,-1,-34.886,-1,-34.886,-1,-34.886,-1,-34.886,-1,-34.886,-1,-34.886,-1,-34.886,-1,-34.886,-1,-34.886,-1,-34.886,-1,-34.886,-1,-34.886,-1,-34.886,-1,-34.886,-1,-34.886,-1,-34.886,-1,-34.886,-1,-34.886,-1,-34.886
7.77,-1,-34.886,-1,-34.886,-1,-34.886,-1,-34.886,-1,-34.886,-1,-34.886,-1,-34.886,-1,-34.886,-1,-34.886,-1,-34.886,-1,-34.886,-1,-34.886,-1,-34.886,-1,-34.886,-1,-34.886,-1,-34.886,-1,-34.886,-1,-34.886,-1,-34.886,-1,-34.886,-1,-34.886,-1,-34.886,-1,-34.886,-1,-34.886,-1,-34.886,-1,-34.886,-1,-34.886,-1,-34.886,-1,-34.886,-1,-34.886,-1,-34.886,-1,-34.886,-1,-34.886
7.82,-1,-34.886,-1,-34.886,-1,-34.886,-1,-34.886,-1,-34.886,-1,-34.886,-1,-34.886,-1,-34.886,-1,-34.886,-1,-34.886,-1,-34.886,-1,-34.886,-1,-34.886,-1,-34.886,-1,-34.886,-1,-34.886,-1,-34.886,-1,-34.886,-1,-34.886,-1,-34.886,-1,-34.886,-1,-34.886,-1,-34.886,-1,-34.886,-1,-34.886,-1,-34.886,-1,-34.886,-1,-34.886,-1,-34.886,-1,-34.886,-1,-34.886,-1,-34.886,-1,-34.886
7.85,-1,-34.886,-1,-34.886,-1,-34.886,-1,-34.886,-1,-34.886,-1,-34.886,-1,-34.886,-1,-34.886,-1,-34.886,-1,-34.886,-1,-34.886,-1,-34.886,-1,-34.886,-1,-34.886,-1,-34.886,-1,-34.886,-1,-34.886,-1,-34.886,-1,-34.886,-1,-34.886,-1,-34.886,-1,-34.886,-1,-34.886,-1,-34.886,-1,-34.886,-1,-34.886,-1,-34.886,-1,-34.886,-1,-34.886,-1,-34.886,-1,-34.886,-1,-34.886,-1,-34.886
7.89,-1,-34.886,-1,-34.886,-1,-34.886,-1,-34.886,-1,-34.886,-1,-34.886,-1,-34.886,-1,-34.886,-1,-34.886,-1,-34.886,-1,-34.886,-1,-34.886,-1,-34.886,-1,-34.886,-1,-34.886,-1,-34.886,-1,-34.886,-1,-34.886,-1,-34.886,-1,-34.886,-1,-34.886,-1,-34.886,-1,-34.886,-1,-34.886,-1,-34.886,-1,-34.886,-1,-34.886,-1,-34.886,-1,-34.886,-1,-34.886,-1,-34.886,-1,-34.886,-1,-34.886
